id,areas,bedrooms,bathrooms,parkingSpots,prices,type,neighborhood
2669329904,324.0,5.0,3.0,4.0,340000.0,house,Sao Tome
2667338201,51.0,2.0,1.5,1.0,295000.0,,Santa Teresa
2643720430,94.0,3.0,4.0,2.0,629000.0,apartment,Cidade Jardim
2681509397,66.0,2.0,2.0,2.0,460000.0,apartment,Imbuí
2671493238,82.0,3.0,3.0,2.0,649990.0,apartment,Piatã
2592933397,50.0,2.0,1.0,1.0,184900.0,apartment,Luís Anselmo
2678057135,94.0,3.0,2.0,2.0,310000.0,apartment,Caminho de Areia
2680287503,55.0,3.0,2.0,,94890.0,house,Cosme de Farias
2681222822,100.0,3.0,2.0,1.0,100000.0,house,Pau da Lima
2666142996,85.0,3.0,1.0,1.0,85000.0,house,Ribeira
2678919515,146.0,4.0,4.0,2.0,570000.0,apartment,Stiep
2681242305,94.0,2.0,3.0,2.0,680000.0,apartment,Patamares
2680858008,121.0,4.0,4.0,2.0,649180.0,house,Stella Maris
2681039219,55.0,3.0,2.0,,145000.0,apartment,BA
2610422011,50.5,1.5,1.5,1.5,288000.0,apartment,Santa Teresa
2662938088,84.0,2.0,3.0,2.0,700000.0,apartment,Jardim Apipema
2656478329,90.0,3.0,3.0,2.0,670000.0,apartment,Pituba
2650928455,88.0,3.0,2.0,1.0,65000.0,house,Plataforma
2672789508,75.0,2.0,2.0,1.0,50000.0,house,Dom Avelar
2628106196,87.0,2.0,2.0,2.0,740000.0,apartment,Patamares
2660471399,80.0,2.0,2.0,1.0,75000.0,house,Pernambués
2655322482,77.0,3.0,2.0,1.0,130000.0,house,Luís Anselmo
2676388296,100.0,4.0,2.0,,70000.0,house,Marechal Rondon
2675632588,110.0,2.0,1.0,1.0,110000.0,house,São Gonçalo
2664950428,90.0,2.0,2.0,1.0,100000.0,house,Piatã
2678154614,76.0,4.0,2.0,2.0,240000.0,apartment,Engenheiro Velho De Brotas
2665838053,85.0,3.0,1.0,,80000.0,house,Ribeira
2671159705,79.0,2.0,1.0,1.0,50000.0,house,Caixa D´Água
2673037304,73.0,2.0,2.0,1.0,45000.0,house,Dom Avelar
2658167987,84.0,3.0,3.0,2.0,720000.0,apartment,Jardim Apipema
2664914218,100.0,2.0,2.0,1.0,100000.0,house,Pituaçu
2665925898,79.0,2.0,1.0,2.0,75000.0,house,Coutos
2667965720,106.0,3.0,1.0,1.0,79000.0,house,Fazenda Coutos
2665488209,79.0,3.0,2.0,1.0,60000.0,house,Cajazeiras X
2674247501,76.0,2.0,2.0,1.0,50000.0,house,Cosme de Farias
2456695737,182.0,3.0,3.0,3.0,495000.0,apartment,BA
2671015714,60.0,2.0,1.0,1.0,50000.0,house,Caixa D´Água
2641406100,135.0,3.0,4.0,2.0,1280000.0,apartment,Patamares
2671176715,80.0,3.0,2.0,,250000.0,house,Barbalho
2673376797,100.0,2.0,1.0,3.0,90000.0,house,Nordeste
2503191633,57.0,2.0,2.0,2.0,426000.0,apartment,Santa Teresa
2677293201,81.0,3.0,2.0,1.0,640000.0,apartment,Vila Laura
2673770351,90.0,3.0,1.0,1.0,100000.0,house,Mussurunga I
2665838799,85.0,3.0,1.0,1.0,60000.0,house,Fazenda Grande do Retiro
2673377479,75.0,3.0,2.0,1.0,70000.0,house,Ribeira
2539507788,75.0,2.5,2.5,1.5,464230.0,,Vila Laura
2657315983,115.0,2.0,1.0,,85000.0,house,Marechal Rondon
2663656752,85.0,3.0,1.0,1.0,75000.0,house,Caminho de Areia
2672725191,118.0,2.0,1.0,1.0,70000.0,house,Cajazeiras XI
2672507280,140.0,2.0,1.0,1.0,150000.0,house,Brotas
2667733660,78.0,2.0,3.0,2.0,619990.0,apartment,Federação
2496387975,52.0,2.0,2.0,1.0,255000.0,apartment,Pernambués
2673342260,95.0,2.0,1.0,1.0,100000.0,house,Bonfim
2667462564,85.0,3.0,1.0,1.0,140000.0,house,Pituaçu
2680855549,45.0,2.0,1.0,1.0,219190.0,apartment,Cassange
2669782399,90.0,2.0,1.0,1.0,120000.0,house,Paripe
2671409452,73.0,2.0,1.0,1.0,83000.0,house,Mata Escura
2655328265,90.0,2.0,2.0,1.0,110000.0,house,Boca do Rio
2662695759,70.0,2.0,1.0,1.0,50000.0,house,Paripe
2667391997,90.0,2.0,1.0,1.0,90000.0,house,Coutos
2672479013,50.0,2.0,1.0,1.0,40000.0,house,Sao Caetano
2653730972,90.0,2.0,1.0,,120000.0,house,Amaralina
2655286804,80.0,2.0,1.0,1.0,80000.0,house,Boca da Mata
2669435694,82.0,2.0,1.0,1.0,80000.0,house,Fazenda Grande I
2654208554,75.0,2.0,1.0,1.0,100000.0,house,Castelo Branco
2673093683,80.0,2.0,2.0,1.0,50000.0,house,Dom Avelar
2681731219,90.0,3.0,2.0,2.0,100000.0,house,Bonfim
2681790012,50.0,2.0,1.0,1.0,125000.0,apartment,Resgate
2681712335,75.0,2.0,2.0,1.0,450000.0,apartment,Stella Maris
2681849298,79.0,2.0,1.0,1.0,90000.0,apartment,Brotas
2681756094,126.0,3.0,1.0,1.0,95000.0,house,Rio Vermelho
2484181278,65.5,2.5,2.5,1.0,540000.0,apartment,Santa Teresa
2680999944,90.0,3.0,3.0,2.0,699000.0,apartment,Imbuí
2681231688,90.0,3.0,2.0,,80000.0,house,Ribeira
2681696652,70.0,2.0,1.0,3.0,80000.0,house,Brotas
2680859709,174.0,4.0,4.0,2.0,549670.0,apartment,Costa Azul
2679050072,90.0,3.0,2.0,1.0,195000.0,house,Macaubas
2681776326,49.0,1.0,1.0,2.0,195000.0,apartment,Costa Azul
2681795340,69.0,2.0,1.0,,84000.0,apartment,Cajazeiras XI
2679308695,78.0,2.0,3.0,2.0,700000.0,apartment,Caminho Das Árvores
2681626697,85.0,2.0,1.0,1.0,68000.0,house,Dois de Julho
2571890517,70.0,2.0,3.0,2.0,468000.0,,BA
2673115130,80.0,3.0,1.0,1.0,62000.0,house,Roma
2682072047,80.0,2.0,1.0,1.0,90000.0,house,Pituba
2673037175,90.0,2.0,1.0,1.0,110000.0,house,Pituaçu
2681953621,143.0,3.0,3.0,1.0,249560.0,apartment,Parque Bela Vista
2681735596,42.0,1.0,1.0,1.0,220000.0,apartment,Rio Vermelho
2681851996,98.0,2.0,1.0,1.0,55000.0,house,Boca da Mata
2681686260,70.0,2.0,2.0,2.0,50000.0,house,Castelo Branco
2682035988,68.0,2.0,1.0,1.0,205000.0,apartment,Stella Maris
2636913580,70.0,2.0,1.0,,70000.0,house,Sao Caetano
2670556502,61.0,2.0,2.0,1.0,45000.0,house,Saboeiro
2681135408,69.0,2.0,2.0,2.0,450000.0,apartment,Stiep
2681951231,143.0,3.0,3.0,1.0,299180.0,apartment,Parque Bela Vista
2655061574,68.0,3.0,1.0,1.0,70000.0,house,Iapi
2529929204,50.5,1.5,1.5,1.5,289000.0,apartment,Santa Teresa
2670548698,65.0,2.0,2.0,1.0,50000.0,house,Saboeiro
2670548133,89.0,2.0,1.0,1.0,50000.0,house,Sao Caetano
2680858439,250.0,4.0,4.0,3.0,779710.0,house,Stella Maris
2674449415,56.0,2.0,1.0,1.0,45000.0,house,Sussuarana
2669319193,70.0,2.0,2.0,1.0,58000.0,house,Doron
2639704295,135.0,2.0,1.0,1.0,90000.0,house,Cidade Nova
2671014510,85.0,2.0,2.0,1.0,60000.0,house,Caixa D´Água
2681785550,100.0,3.0,2.0,1.0,55000.0,house,Federação
2673094574,70.0,2.0,2.0,1.0,45000.0,house,Dom Avelar
2681296717,91.0,2.0,4.0,2.0,840000.0,apartment,Alphaville I
2666164001,70.0,2.0,2.0,1.0,75000.0,house,Cosme de Farias
2670776101,79.0,2.0,2.0,1.0,50000.0,house,Tancredo Neves
2671293909,50.0,2.0,1.0,,50000.0,house,Lobato
2672747435,80.0,2.0,1.0,1.0,150000.0,house,Ribeira
2672435476,64.0,2.0,1.0,1.0,50000.0,house,Sao Caetano
2649669712,70.0,2.0,1.0,1.0,80000.0,house,Periperi
2643406954,156.0,,,,140000.0,,Pau Miúdo
2657039765,90.0,2.0,1.0,1.0,75000.0,house,Águas Claras
2650979154,70.0,3.0,1.0,1.0,180000.0,house,Pituaçu
2664970900,85.0,2.0,1.0,1.0,80000.0,house,Ribeira
2672477003,58.0,2.0,1.0,1.0,47000.0,house,Sao Joao do Cabrito
2681781495,50.0,2.0,1.0,,60000.0,apartment,Engenheiro Velho De Brotas
2678039299,67.0,2.0,2.0,1.0,65000.0,house,Lobato
2657322767,100.0,2.0,1.0,,120000.0,house,Pirajá
2673090439,79.0,2.0,2.0,1.0,45000.0,house,Dom Avelar
2665495005,100.0,3.0,1.0,1.0,90000.0,house,Ribeira
2679936203,62.0,2.0,1.0,1.0,45000.0,house,Santa Cruz
2666604506,68.0,3.0,1.0,1.0,50000.0,house,Doron
2676318124,56.0,1.0,1.0,1.0,500000.0,apartment,Caminho Das Árvores
2672153542,69.0,3.0,3.0,1.0,425000.0,apartment,Piatã
2650466075,90.0,2.0,1.0,1.0,80000.0,house,Ribeira
2671157568,60.0,2.0,1.0,1.0,50000.0,house,Caixa D´Água
2676348201,58.0,2.0,1.0,1.0,45000.0,house,Pau Miúdo
2681177241,91.0,2.0,3.0,2.0,840000.0,apartment,BA
2650302261,80.0,2.0,1.0,1.0,100000.0,house,Matatu
2651395276,90.0,2.0,1.0,1.0,75000.0,house,Cajazeiras XI
2663981797,70.0,2.0,1.0,1.0,90000.0,house,Candeal
2674457882,50.0,2.0,1.0,1.0,50000.0,house,Iapi
2682079195,80.0,2.0,1.0,1.0,80000.0,house,Vila Laura
2681623999,100.0,2.0,2.0,1.0,55000.0,house,Pirajá
2681794397,69.0,2.0,1.0,,93000.0,apartment,Valéria
2681775961,55.0,2.0,1.0,1.0,200000.0,apartment,Costa Azul
2681861186,85.0,2.0,1.0,1.0,65000.0,house,Matatu
2681869299,83.0,2.0,1.0,1.0,75000.0,house,Barbalho
2674252589,50.0,2.0,1.0,,92000.0,house,Mata Escura
2649831872,85.0,3.0,1.0,1.0,110000.0,house,Boca do Rio
2663621964,81.0,1.0,1.0,2.0,550000.0,apartment,Ondina
2642908084,135.0,3.0,4.0,2.0,1280000.0,apartment,Patamares
2672500607,110.0,2.0,1.0,1.0,130000.0,house,Itapuã
2672450340,68.0,2.0,1.0,2.0,50000.0,house,Sao Tome
2655828879,97.0,2.0,1.0,1.0,85000.0,house,Liberdade
2650954562,78.0,3.0,2.0,1.0,125000.0,house,Caixa D´Água
2658942796,92.0,3.0,1.0,1.0,80000.0,house,Ribeira
2575431182,105.0,3.0,1.0,,130000.0,house,Monte Serrat
2664965791,88.0,3.0,2.0,1.0,125000.0,house,Resgate
2655530666,70.0,3.0,2.0,1.0,100000.0,house,Pituaçu
2649784312,120.0,3.0,1.0,1.0,100000.0,house,Pituaçu
2641370285,90.0,3.0,3.0,2.0,525000.0,apartment,Candeal
2653764839,80.0,3.0,2.0,1.0,78000.0,house,Nordeste
2650490154,100.0,3.0,1.0,1.0,95000.0,house,Cajazeiras VIII
2651443881,93.0,3.0,1.0,1.0,90000.0,house,São Cristóvão
2653846658,70.0,2.0,2.0,1.0,60000.0,house,Dom Avelar
2669561306,72.0,3.0,2.0,1.0,45000.0,house,Novo Marotinho
2673897702,73.0,2.0,1.0,2.0,90000.0,house,Nordeste
2670026197,90.0,3.0,2.0,1.0,70000.0,house,Sao Joao do Cabrito
2665473621,88.0,3.0,2.0,1.0,65000.0,house,Cabula VI
2681013619,148.0,2.0,1.0,2.0,100000.0,house,Itapuã
2670724194,79.0,2.0,1.0,1.0,50000.0,house,Cabula VI
2674143986,93.0,2.0,1.0,,110000.0,house,Liberdade
2668813798,58.0,2.0,1.0,1.0,47000.0,house,Sao Caetano
2671145096,50.0,2.0,1.0,1.0,50000.0,house,Cajazeiras X
2680857212,360.0,4.0,4.0,3.0,449900.0,house,Itapuã
2672415089,67.0,2.0,1.0,1.0,45000.0,house,Sao Caetano
2676601795,65.0,2.0,1.0,,57000.0,house,Alto da Terezinha
2681776823,59.0,2.0,1.0,1.0,50000.0,house,Ribeira
2679933964,67.0,2.0,2.0,1.0,54000.0,house,Saboeiro
2655104511,70.0,2.0,2.0,1.0,50000.0,house,Capelinha
2654267672,90.0,2.0,1.0,1.0,105000.0,house,Boca do Rio
2644068213,480.0,5.0,3.0,4.0,450000.0,house,Boca do Rio
2672082511,130.0,2.0,1.0,1.0,149000.0,house,Massaranduba
2673573473,97.0,2.0,1.0,1.0,80000.0,house,Cabula VI
2666877660,60.0,2.0,1.0,1.0,50000.0,house,Fazenda Coutos
2654203355,220.0,2.0,1.0,1.0,115000.0,house,Comércio
2669593332,79.0,3.0,2.0,1.0,60000.0,house,Santa Mônica
2650499657,75.0,3.0,2.0,1.0,75000.0,house,Engenho Velho de Brotas
2668572440,80.0,2.0,2.0,1.0,60000.0,house,Rio Sena
2672810879,142.0,2.0,1.0,1.0,176000.0,house,Roma
2666151898,85.0,3.0,1.0,1.0,75000.0,house,São Cristóvão
2653951966,100.0,3.0,1.0,1.0,100000.0,house,Liberdade
2651181805,125.0,3.0,1.0,1.0,90000.0,house,Pernambués
2651431196,65.0,2.0,2.0,1.0,120000.0,house,Liberdade
2675321094,85.0,2.0,1.0,1.0,95000.0,house,Liberdade
2681613702,54.0,2.0,2.0,1.0,155000.0,apartment,Jardim das Margaridas
2651178666,218.0,3.0,2.0,,130000.0,house,Engenho Velho de Brotas
2674136873,70.0,2.0,2.0,1.0,45000.0,house,Caminho de Areia
2658366060,125.0,2.0,1.0,1.0,70000.0,house,Iapi
2649826547,70.0,2.0,1.0,1.0,95000.0,house,Bonfim
2648239291,80.0,2.0,1.0,,90000.0,house,Ribeira
2673067607,79.0,2.0,2.0,1.0,60000.0,house,Dom Avelar
2673352582,125.0,2.0,1.0,1.0,158000.0,house,Ribeira
2668231957,80.0,3.0,1.0,1.0,90000.0,house,Mussurunga I
2662715371,75.0,2.0,2.0,,75000.0,house,Boca da Mata
2650020471,95.0,2.0,1.0,1.0,100000.0,house,Dom Avelar
2666212694,85.0,2.0,1.0,1.0,70000.0,house,Cabula
2672081599,120.0,2.0,1.0,1.0,156000.0,house,Sussuarana
2665901342,100.0,2.0,1.0,1.0,185000.0,house,Bonfim
2671299810,64.0,3.0,2.0,2.0,210000.0,apartment,Paralela
2657039356,85.0,2.0,1.0,1.0,90000.0,house,Caminho de Areia
2667636396,90.0,2.0,1.0,1.0,110000.0,house,Massaranduba
2671185494,80.0,2.0,1.0,1.0,50000.0,house,Cajazeiras X
2671149841,50.0,2.0,1.0,1.0,45000.0,house,Sao Caetano
2649788455,70.0,2.0,1.0,1.0,80000.0,house,Itapuã
2666146224,85.0,3.0,1.0,1.0,90000.0,house,Ribeira
2650218339,70.0,2.0,2.0,1.0,80000.0,house,São Gonçalo
2675997962,56.0,2.0,1.0,,50000.0,house,Castelo Branco
2639255088,89.0,2.0,1.0,1.0,95000.0,house,Cidade Nova
2676294402,56.0,2.0,1.0,,50000.0,house,Escada
2649826351,70.0,2.0,1.0,1.0,80000.0,house,Castelo Branco
2669569904,70.0,2.0,1.0,,80000.0,house,Uruguai
2663184123,76.0,2.0,1.0,1.0,80000.0,house,Castelo Branco
2670774004,70.0,2.0,1.0,1.0,45000.0,house,Coutos
2673998091,80.0,2.0,1.0,1.0,80000.0,house,Cajazeiras VI
2674911106,54.0,2.0,1.0,1.0,50000.0,house,Mussurunga I
2678559005,67.0,2.0,2.0,1.0,60000.0,house,Novo Marotinho
2676014108,60.0,2.0,1.0,,70000.0,house,Sao Tome
2651440012,85.0,3.0,1.0,1.0,80000.0,house,Pernambués
2663373155,85.0,2.0,1.0,1.0,67000.0,house,Lobato
2682087317,89.0,3.0,2.0,2.0,50000.0,house,Engenho Velho da Federação
2681758807,90.0,4.0,4.0,2.0,45000.0,house,Fazenda Grande do Retiro
2681760600,90.0,3.0,2.0,1.0,80000.0,house,Vila Laura
2670600718,82.0,2.0,1.0,1.0,50000.0,house,Cajazeiras X
2680286643,41.0,2.0,1.0,1.0,159200.0,apartment,Cajazeiras XI
2675954596,58.0,2.0,1.0,,96000.0,house,Pau da Lima
2673039575,72.0,2.0,1.0,2.0,74200.0,house,Resgate
2649646622,85.0,3.0,1.0,1.0,69000.0,house,Marechal Rondon
2670771753,80.0,2.0,1.0,1.0,50000.0,house,Pernambués
2651398489,90.0,2.0,1.0,,80000.0,house,Engenho Velho de Brotas
2662894282,80.0,2.0,2.0,1.0,60000.0,house,Uruguai
2649823774,80.0,2.0,1.0,1.0,90000.0,house,Pernambués
2666608753,67.0,2.0,1.0,1.0,50000.0,house,São Gonçalo
2671383601,70.0,2.0,1.0,1.0,50000.0,house,Cajazeiras X
2682068699,115.0,2.0,2.0,2.0,160000.0,house,Stella Maris
2681751096,99.0,3.0,2.0,2.0,100000.0,house,Pernambués
2682023195,70.0,2.0,1.0,1.0,65000.0,house,Vale das Pedrinhas
2681608335,90.0,3.0,2.0,1.0,90000.0,house,Paripe
2652111155,100.0,3.0,3.0,2.0,670000.0,apartment,Stiep
2681727799,90.0,2.0,1.0,,80000.0,house,Engenho Velho de Brotas
2681785800,50.0,2.0,1.0,2.0,50000.0,house,Campo Grande
2672153380,70.0,2.0,1.0,1.0,50000.0,house,Cajazeiras X
2676704352,57.0,2.0,1.0,,48000.0,house,Liberdade
2681801103,85.0,2.0,1.0,,73000.0,house,Sao Caetano
2671294096,70.0,2.0,1.0,1.0,80000.0,house,Alto da Terezinha
2681625503,85.0,2.0,2.0,1.0,50000.0,house,Saboeiro
2665222224,85.0,2.0,2.0,1.0,520000.0,apartment,Caminho Das Árvores
2677487701,150.0,2.0,1.0,,135000.0,house,Itapuã
2681678122,70.0,3.0,2.0,1.0,100000.0,house,Itacaranha
2670767298,86.0,2.0,1.0,1.0,50000.0,house,Cabula VI
2663609667,145.0,2.0,1.0,,99000.0,house,Cajazeiras XI
2549332986,85.0,2.0,1.0,1.0,230000.0,apartment,BA
2668173041,48.0,3.0,1.0,,230000.0,house,Caminho de Areia
2670622205,77.0,2.0,1.0,1.0,50000.0,house,Cajazeiras X
2674444305,53.0,2.0,1.0,1.0,50000.0,house,Rio Sena
2657104658,150.0,2.0,1.0,,135000.0,house,Boca do Rio
2667981308,68.0,2.0,1.0,1.0,50000.0,house,Doron
2675034813,53.0,2.0,1.0,,76000.0,house,Caixa D´Água
2670727742,75.0,2.0,1.0,1.0,50000.0,house,Cabula VI
2668647906,89.0,2.0,1.0,,72000.0,house,Alto da Terezinha
2475085577,32.0,,,1.0,,,Caminho Das Árvores
2670550708,67.0,2.0,2.0,1.0,45000.0,house,Saboeiro
2668633850,100.0,2.0,1.0,1.0,115000.0,house,Bonfim
2662903469,119.0,3.0,3.0,1.0,300000.0,apartment,Itapuã
2670548345,67.0,2.0,2.0,1.0,50000.0,house,Saboeiro
2676269099,57.0,2.0,2.0,,50000.0,house,Ribeira
2672179017,162.0,2.0,1.0,1.0,185000.0,house,Sao Caetano
2652517060,80.0,2.0,1.0,1.0,150000.0,house,Itapuã
2662081661,95.0,3.0,1.0,,70000.0,house,Pernambués
2670940430,70.0,2.0,2.0,1.0,50000.0,house,Candeal
2672471483,87.0,2.0,1.0,,90000.0,house,Itapuã
2672435581,68.0,2.0,1.0,1.0,48000.0,house,Sao Caetano
2611520490,42.0,1.0,1.0,1.0,,,Jaguaribe
2655331356,80.0,2.0,1.0,1.0,85000.0,house,Sao Tome
2649820966,90.0,2.0,2.0,,75000.0,house,Valéria
2663571057,76.0,3.0,2.0,2.0,575000.0,apartment,Imbuí
2653082860,68.0,2.0,1.0,1.0,50000.0,house,Doron
2664787093,70.0,2.0,1.0,1.0,80000.0,house,Plataforma
2671008555,84.0,2.0,1.0,1.0,50000.0,house,Cidade Nova
2677113198,60.0,2.0,1.0,,52000.0,house,Fazenda Grande I
2671935002,70.0,2.0,1.0,1.0,50000.0,house,Paripe
2651524462,49.0,2.0,1.0,1.0,75000.0,house,Santa Mônica
2655323540,80.0,2.0,1.0,1.0,90000.0,house,Pernambués
2667363098,70.0,3.0,1.0,,50000.0,house,Pernambués
2660459751,90.0,2.0,1.0,1.0,100000.0,house,Iapi
2655326828,90.0,2.0,1.0,1.0,120000.0,house,Engenho Velho da Federação
2611519295,60.0,2.0,2.0,2.0,,,Jaguaribe
2681058600,73.0,2.0,2.0,2.0,690000.0,apartment,Armação
2665858898,120.0,3.0,2.0,1.0,130000.0,house,Nova Brasilia De Itapua
2671154118,85.0,2.0,1.0,2.0,65000.0,house,São Gonçalo
2669059799,70.0,2.0,1.0,1.0,50000.0,house,Fazenda Coutos
2672729862,80.0,2.0,1.0,2.0,90000.0,house,Santa Mônica
2664953625,70.0,2.0,1.0,2.0,80000.0,house,Boca da Mata
2666878858,70.0,2.0,1.0,1.0,90000.0,house,Uruguai
2670619607,80.0,2.0,1.0,1.0,50000.0,house,Cajazeiras X
2669619600,50.0,3.0,1.0,,80000.0,house,Castelo Branco
2603450013,104.0,3.0,3.0,2.0,,,Jaguaribe
2681658928,120.0,3.0,2.0,2.0,85000.0,house,Caminho Das Árvores
2675039913,50.0,2.0,1.0,,69000.0,house,Liberdade
2672128316,85.0,2.0,1.0,2.0,60000.0,house,Cabula VI
2672143919,55.0,2.0,1.0,1.0,50000.0,house,Saboeiro
2674236590,90.0,2.0,1.0,,105000.0,house,Ribeira
2655831553,84.0,2.0,1.0,1.0,115000.0,house,Boca do Rio
2608557603,42.5,1.5,1.0,,,,Valéria
2676038541,57.0,2.0,1.0,,45000.0,house,Águas Claras
2665273450,67.0,2.0,1.0,1.0,50000.0,house,Doron
2682069908,68.0,2.0,1.0,1.0,55000.0,house,Itapuã
2672151386,83.0,2.0,1.0,1.0,50000.0,house,Cidade Nova
2673809582,70.0,2.0,1.0,1.0,50000.0,house,Cajazeiras X
2674922102,67.0,2.0,2.0,1.0,45000.0,house,Arenoso
2669594807,67.0,2.0,2.0,1.0,50000.0,house,Santa Mônica
2673758776,62.0,2.0,2.0,1.0,229000.0,apartment,Brotas
2672084509,170.0,2.0,1.0,1.0,198000.0,house,Ribeira
2675937503,54.0,2.0,1.0,1.0,45000.0,house,Boa Vista do Lobato
2674697873,126.0,3.0,4.0,3.0,1150000.0,apartment,Piatã
2658193513,90.0,2.0,1.0,1.0,85000.0,house,Águas Claras
2681233448,85.0,3.0,1.0,,50000.0,house,Saboeiro
2670598009,85.0,2.0,2.0,1.0,65000.0,house,Cajazeiras X
2666198595,100.0,2.0,2.0,1.0,100000.0,house,Caixa D´Água
2668325405,70.0,2.0,1.0,1.0,50000.0,house,Lobato
2658137929,115.0,2.0,1.0,1.0,130000.0,house,Amaralina
2667677713,74.0,2.0,1.0,1.0,47000.0,house,Doron
2672105921,130.0,2.0,1.0,1.0,152000.0,house,Bonfim
2655564053,90.0,2.0,1.0,1.0,100000.0,house,Boca do Rio
2657105911,90.0,2.0,1.0,,80000.0,house,Pernambués
2672470843,80.0,2.0,1.0,,130000.0,house,Amaralina
2681013661,128.0,2.0,1.0,2.0,100000.0,house,Itapuã
2669429201,70.0,2.0,1.0,1.0,90000.0,house,Cajazeiras X
2650496199,75.0,2.0,2.0,1.0,70000.0,house,Cabula VI
2664528610,80.0,2.0,1.0,1.0,100000.0,house,Candeal
2650450802,90.0,2.0,1.0,1.0,80000.0,house,Cajazeiras X
2669381594,75.0,2.0,1.0,1.0,45800.0,house,Paripe
2654536376,80.0,2.0,1.0,1.0,80000.0,house,Sao Caetano
2670550694,56.0,2.0,1.0,1.0,50000.0,house,Sao Caetano
2670532423,85.0,2.0,1.0,1.0,95000.0,house,Monte Serrat
2655326703,75.0,2.0,1.0,1.0,75000.0,house,Engenho Velho de Brotas
2674456094,60.0,2.0,1.0,1.0,50000.0,house,Fazenda Grande II
2682036311,50.0,1.0,1.0,1.0,40000.0,apartment,Boca da Mata de Valeria
2557755270,65.0,2.0,1.0,2.0,469000.0,apartment,Armação
2674309992,60.0,2.0,1.0,,45000.0,house,Barbalho
2657929357,65.0,2.0,1.0,,45000.0,house,Paripe
2679767007,48.0,2.0,1.0,1.0,140000.0,apartment,Saboeiro
2668522995,65.0,2.0,1.0,,50000.0,house,Boa Vista de Sao Caetano
2672149457,50.0,2.0,1.0,1.0,62000.0,house,Lobato
2664251420,60.0,2.0,1.0,1.0,40000.0,house,Escada
2655462283,65.0,2.0,1.0,1.0,60000.0,house,Alto da Terezinha
2587635514,80.0,3.0,3.0,2.0,485000.0,apartment,Armação
2653731359,70.0,2.0,1.0,1.0,50000.0,house,Pau da Lima
2655420107,95.0,2.0,2.0,1.0,70000.0,house,Sao Caetano
2655462299,47.0,2.0,1.0,1.0,65000.0,house,Arraial do Retiro
2671438121,75.0,2.0,1.0,1.0,52300.0,house,Paripe
2657924039,79.0,2.0,1.0,1.0,60000.0,house,Arenoso
2666881305,70.0,2.0,1.0,1.0,80000.0,house,Boa Vista do Lobato
2674262884,60.0,2.0,2.0,2.0,560000.0,apartment,Pituba
2669623695,60.0,2.0,1.0,,45000.0,house,Uruguai
2681729601,77.0,2.0,2.0,2.0,690000.0,apartment,Pituaçu
2681007103,50.0,2.0,2.0,1.0,120000.0,apartment,Mussurunga I
2681785395,54.0,2.0,2.0,1.0,240000.0,apartment,Canabrava
2681862099,128.0,3.0,1.0,1.0,90000.0,house,Boca do Rio
2681846495,58.0,2.0,2.0,1.0,210000.0,apartment,Itapuã
2681796710,118.0,3.0,3.0,2.0,130000.0,house,Itapuã
2681801193,124.0,3.0,4.0,2.0,645000.0,apartment,Itapuã
2681809306,124.0,3.0,3.0,,300000.0,apartment,Barris
2681852493,85.0,3.0,2.0,2.0,860000.0,apartment,Pituba
2681725403,68.0,3.0,1.0,2.0,265000.0,apartment,São Marcos
2681752311,112.0,2.0,2.0,2.0,140000.0,house,Cajazeiras XI
2682073601,80.0,3.0,1.0,1.0,120000.0,house,Pituaçu
2681623131,95.0,3.0,2.0,1.0,65000.0,house,Pirajá
2681989923,47.0,2.0,1.0,,120000.0,apartment,Pirajá
2681796220,100.0,2.0,2.0,2.0,100000.0,house,Marechal Rondon
2681802096,88.0,2.0,2.0,1.0,200000.0,apartment,Fazenda Grande do Retiro
2681785026,78.0,2.0,3.0,1.0,810000.0,apartment,Alphaville
2681671124,90.0,3.0,3.0,,100000.0,house,Ribeira
2681756321,95.0,3.0,3.0,2.0,770000.0,apartment,Cidade Jardim
2682033229,60.0,2.0,2.0,1.0,320000.0,apartment,Federação
2681780725,70.0,3.0,2.0,2.0,459810.0,apartment,Piatã
2549333812,67.0,3.0,1.0,1.0,159000.0,apartment,BA
2670591233,50.0,2.0,1.0,,320000.0,apartment,Engenho Velho de Brotas
2681954622,143.0,3.0,3.0,1.0,299060.0,apartment,Parque Bela Vista
2681794812,55.0,2.0,1.0,,90000.0,apartment,São Marcos
2681851094,200.0,3.0,1.0,3.0,150000.0,house,Ribeira
2662896239,70.0,2.0,1.0,1.0,50000.0,house,Pau Miúdo
2651256196,60.0,2.0,1.0,1.0,50000.0,house,Mata Escura
2655114883,60.0,2.0,1.0,1.0,50000.0,house,Pernambués
2668177417,70.0,2.0,1.0,,50000.0,house,Pernambués
2657035479,65.0,2.0,1.0,1.0,70000.0,house,Fazenda Grande do Retiro
2662691519,70.0,2.0,1.0,1.0,45000.0,house,Mata Escura
2681414300,50.0,2.0,1.0,1.0,50000.0,house,Cabula VI
2562742188,77.0,3.0,3.0,1.0,480000.0,apartment,Imbuí
2669120501,70.0,2.0,1.0,,40000.0,house,Uruguai
2668529401,70.0,2.0,1.0,,40000.0,house,Sao Caetano
2666466777,69.0,2.0,1.0,1.0,65000.0,house,Liberdade
2671151597,75.0,2.0,1.0,1.0,52000.0,house,Ribeira
2680651011,71.0,2.0,1.0,2.0,75000.0,house,Itapuã
2650350995,50.0,2.0,1.0,1.0,40000.0,house,Periperi
2667452324,80.0,2.0,1.0,1.0,50000.0,house,Pau Miúdo
2667943544,70.0,2.0,1.0,,40000.0,house,Sao Caetano
2666826698,68.0,2.0,1.0,1.0,60000.0,house,Iapi
2649805277,60.0,2.0,1.0,,45000.0,house,Alto do Cabrito
2674385684,46.0,2.0,2.0,1.0,75000.0,house,Cabula VI
2682084529,50.0,2.0,2.0,1.0,155000.0,apartment,Jardim das Margaridas
2682064619,75.0,2.0,2.0,1.0,285000.0,apartment,Rio Vermelho
2682074919,89.0,3.0,1.0,2.0,130000.0,house,Itapuã
2681635298,54.0,2.0,2.0,1.0,155000.0,apartment,Jardim das Margaridas
2682087999,105.0,3.0,4.0,2.0,120000.0,house,Pituaçu
2681757795,90.0,4.0,4.0,2.0,50000.0,house,Fazenda Grande do Retiro
2681708281,85.0,2.0,3.0,2.0,918000.0,apartment,Paralela
2681754206,270.0,3.0,5.0,1.0,395000.0,house,BA
2681628301,85.0,3.0,2.0,2.0,76000.0,house,Boa Vista de Sao Caetano
2682048597,67.0,2.0,1.0,1.0,379990.0,apartment,Praia do Flamengo
2681759907,47.0,2.0,1.0,1.0,217900.0,apartment,Paralela
2676377115,96.0,2.0,1.0,,80000.0,house,Nordeste
2681776985,98.0,3.0,2.0,1.0,249450.0,apartment,Pernambués
2681762423,100.0,2.0,1.0,1.0,180000.0,house,Sao Rafael
2681917705,190.0,4.0,5.0,3.0,445000.0,house,BA
2676699203,100.0,2.0,2.0,1.0,60000.0,house,Pau da Lima
2681773576,90.0,2.0,1.0,,70000.0,house,Sussuarana
2682026564,50.0,2.0,1.0,1.0,150000.0,apartment,Imbuí
2681510719,73.0,3.0,2.0,1.0,465000.0,apartment,Imbuí
2678053967,90.0,2.0,1.0,2.0,95000.0,house,Castelo Branco
2681624210,95.0,2.0,1.0,1.0,70000.0,house,Nazaré
2680933608,46.0,2.0,1.0,1.0,58000.0,house,Bairro da Paz
2669575853,68.0,2.0,1.0,1.0,50000.0,house,Uruguai
2681682644,90.0,3.0,3.0,,115000.0,house,Itapuã
2681677777,60.0,2.0,2.0,1.0,300000.0,apartment,São Cristóvão
2681717604,75.0,2.0,1.0,1.0,85000.0,house,Vila Laura
2681727097,71.0,3.0,2.0,2.0,560000.0,apartment,Patamares
2673037763,80.0,2.0,1.0,1.0,50000.0,house,Plataforma
2668525332,70.0,2.0,2.0,,40000.0,house,Sao Caetano
2680725493,97.0,2.0,1.0,1.0,118000.0,apartment,Cajazeiras V
2655703688,53.0,2.0,1.0,1.0,65000.0,house,Bonfim
2669434100,70.0,2.0,1.0,1.0,90000.0,house,Mussurunga I
2681228566,90.0,2.0,1.0,1.0,150000.0,house,Cabula VI
2681612093,105.0,3.0,4.0,2.0,850000.0,apartment,Armação
2681738394,90.0,2.0,3.0,2.0,800000.0,apartment,Jardim Apipema
2681609999,95.0,2.0,2.0,1.0,65000.0,house,Plataforma
2681953888,55.0,2.0,2.0,1.0,349090.0,apartment,Paralela
2681757302,160.0,4.0,3.0,3.0,120000.0,house,Jaguaripe I
2681781400,70.0,2.0,2.0,2.0,460000.0,apartment,Imbuí
2682068809,70.0,3.0,2.0,2.0,120000.0,house,Resgate
2681816301,84.0,3.0,3.0,2.0,570000.0,apartment,Brotas
2682042093,100.0,3.0,2.0,2.0,200000.0,house,Itapuã
2681763835,110.0,3.0,3.0,2.0,1190000.0,apartment,Patamares
2681797002,80.0,3.0,2.0,1.0,70000.0,house,Bonfim
2681980867,78.0,2.0,2.0,1.0,810000.0,apartment,Alphaville
2681776944,79.0,3.0,2.0,1.0,60000.0,house,Águas Claras
2549335092,52.0,2.0,1.0,1.0,159000.0,apartment,BA
2681783216,78.0,3.0,2.0,2.0,70000.0,house,Amaralina
2682090099,66.0,2.0,2.0,2.0,558000.0,apartment,Pituba
2682089299,80.0,2.0,2.0,2.0,50000.0,apartment,Sete de Abril
2681779138,75.0,3.0,2.0,1.0,50000.0,house,Águas Claras
2681780422,77.0,3.0,2.0,1.0,60000.0,house,Águas Claras
2681803795,127.0,3.0,2.0,,160000.0,house,Retiro
2681717226,242.0,4.0,2.0,2.0,350000.0,house,Castelo Branco
2549332915,67.0,2.0,2.0,1.0,265000.0,apartment,BA
2682028599,100.0,3.0,2.0,1.0,110000.0,house,Garcia
2549332987,67.0,2.0,3.0,1.0,215000.0,apartment,BA
2681757003,250.0,2.0,2.0,1.0,250000.0,house,BA
2682087795,90.0,2.0,2.0,1.0,65000.0,house,Itapuã
2681753205,94.0,3.0,3.0,2.0,890000.0,apartment,Armação
2682070396,83.0,2.0,2.0,2.0,50000.0,house,Ribeira
2681993099,50.0,2.0,1.0,1.0,165000.0,apartment,Trobogy
2681847130,72.0,2.0,3.0,2.0,590000.0,apartment,Armação
2681795112,52.0,2.0,1.0,1.0,120000.0,apartment,Mussurunga I
2681296108,150.0,3.0,5.0,3.0,1200000.0,apartment,Alphaville I
2682069724,70.0,3.0,3.0,2.0,100000.0,house,Resgate
2682068925,78.0,3.0,2.0,2.0,120000.0,house,Resgate
2681819271,72.0,2.0,3.0,1.0,320000.0,apartment,Daniel Lisboa
2674452398,150.0,3.0,2.0,2.0,60000.0,house,Santa Mônica
2675162293,61.0,2.0,2.0,2.0,360000.0,apartment,Santa Teresa
2656666932,54.0,2.0,1.0,1.0,299990.0,apartment,Matatu
2674055478,125.0,2.0,2.0,2.0,125000.0,house,Canabrava
2681014393,50.0,2.0,2.0,1.0,280000.0,apartment,Itapuã
2670774839,60.0,2.0,2.0,1.0,45000.0,house,Tancredo Neves
2673920921,82.0,3.0,2.0,2.0,70000.0,house,Águas Claras
2670611202,70.0,2.0,2.0,1.0,45000.0,house,Areia Branca
2671012964,76.0,2.0,2.0,1.0,45000.0,house,Canabrava
2667495397,85.0,3.0,1.0,1.0,80000.0,house,Plataforma
2674115378,60.0,1.0,1.0,1.0,130000.0,apartment,Nova Brasília
2673898721,83.0,3.0,1.0,2.0,90000.0,house,Sao Tome
2672504497,67.0,2.0,2.0,1.0,50000.0,house,Engomadeira
2679932893,67.0,2.0,2.0,1.0,45000.0,house,Mata Escura
2679740107,80.0,3.0,2.0,2.0,230000.0,apartment,Cabula
2681009800,80.0,2.0,2.0,1.0,90000.0,house,Parque Bela Vista
2675395123,56.0,2.0,1.0,1.0,50000.0,house,Boa Vista de Sao Caetano
2673901783,100.0,2.0,1.0,2.0,78000.0,house,Iapi
2665884428,64.0,2.0,1.0,1.0,40000.0,house,Doron
2673780880,60.0,2.0,1.0,1.0,110000.0,apartment,Engenheiro Velho De Brotas
2681582797,70.0,3.0,2.0,1.0,145000.0,apartment,Canabrava
2681424896,106.0,2.0,4.0,2.0,870000.0,apartment,BA
2668647912,84.0,2.0,1.0,1.0,92000.0,house,Praia Grande
2650469911,75.0,2.0,2.0,1.0,85000.0,house,Pernambués
2673910201,78.0,2.0,3.0,2.0,550000.0,apartment,Pituba
2655958425,45.0,2.0,1.0,1.0,70000.0,house,Fazenda Grande do Retiro
2669059269,50.0,2.0,1.0,,35000.0,house,Boa Vista de Sao Caetano
2655937611,55.0,2.0,1.0,1.0,60000.0,house,Alto do Cabrito
2672143268,150.0,2.0,1.0,1.0,175000.0,apartment,Cajazeiras X
2668033097,70.0,2.0,1.0,,40000.0,house,Pernambués
2669435032,70.0,2.0,1.0,1.0,72000.0,house,Castelo Branco
2668233798,70.0,2.0,1.0,1.0,70000.0,house,Mata Escura
2682311258,70.0,3.0,2.0,1.0,50000.0,house,Paripe
2681944259,58.0,2.0,1.0,1.0,109560.0,apartment,Iapi
2682218335,75.0,3.0,2.0,1.0,159030.0,apartment,Canabrava
2681781482,90.0,2.0,2.0,1.0,100000.0,house,Boca do Rio
2682305967,90.0,3.0,2.0,2.0,90000.0,apartment,Sao Caetano
2682125795,80.0,2.0,1.0,1.0,80000.0,house,Piatã
2673938381,72.0,2.0,2.0,1.0,450000.0,apartment,Stiep
2682071793,74.0,3.0,2.0,1.0,50000.0,house,Cabula VI
2674480926,95.0,2.0,1.0,1.0,80000.0,house,Águas Claras
2681188996,50.0,2.0,1.0,1.0,99000.0,apartment,Iapi
2680724736,74.0,3.0,1.0,1.0,104000.0,house,Arraial do Retiro
2678941996,50.0,2.0,1.0,1.0,120000.0,apartment,Sussuarana
2682070099,78.0,3.0,2.0,1.0,315000.0,apartment,Sao Rafael
2676319747,22670.0,,,,12500000.0,,Cia Aeroporto
2681725412,90.0,3.0,3.0,,120000.0,house,Mares
2649807447,60.0,2.0,1.0,,50000.0,house,Caixa D´Água
2681794801,63.0,2.0,2.0,2.0,180000.0,house,Itapuã
2682028729,156.0,2.0,3.0,2.0,290000.0,house,Stella Maris
2678608693,50.0,2.0,1.0,1.0,329900.0,apartment,BA
2681756598,160.0,2.0,1.0,6.0,205000.0,house,BA
2673348518,80.0,2.0,2.0,1.0,70000.0,house,Pernambués
2669050619,40.0,2.0,1.0,,53000.0,house,Doron
2674453132,165.0,3.0,2.0,1.0,70000.0,house,Machado
2674150508,130.0,3.0,2.0,1.0,85000.0,house,Boca do Rio
2657907570,86.0,2.0,1.0,1.0,75000.0,house,Coutos
2660432055,89.0,2.0,1.0,1.0,200000.0,house,Sussuarana
2654272760,80.0,2.0,1.0,1.0,75000.0,house,Dom Avelar
2664408502,90.0,2.0,1.0,2.0,85000.0,house,Pernambués
2650050629,95.0,2.0,1.0,1.0,50000.0,house,Engenho Velho da Federação
2657930782,79.0,2.0,1.0,1.0,60000.0,house,Engenho Velho de Brotas
2655473680,95.0,3.0,2.0,,70000.0,house,Ribeira
2669779197,30.0,2.0,1.0,,52000.0,house,Uruguai
2669730991,80.0,2.0,1.0,1.0,90000.0,house,Iapi
2663724722,70.0,2.0,1.0,1.0,50000.0,house,Periperi
2669054100,40.0,2.0,1.0,,50000.0,house,Pau da Lima
2673809383,70.0,2.0,2.0,2.0,80000.0,house,Bonfim
2681773869,90.0,3.0,2.0,1.0,70000.0,house,Águas Claras
2660244883,56.0,2.0,1.0,1.0,100000.0,house,Pernambués
2668233602,70.0,2.0,1.0,1.0,50000.0,house,São Gonçalo
2657362413,250.0,2.0,1.0,1.0,85000.0,house,Plataforma
2680883698,81.0,2.0,3.0,1.0,460000.0,apartment,Pituba
2674455766,70.0,3.0,2.0,1.0,440000.0,apartment,Imbuí
2666490416,80.0,2.0,1.0,1.0,40000.0,house,Uruguai
2669372731,65.0,2.0,1.0,,45000.0,house,Ribeira
2670705231,69.0,2.0,2.0,1.0,45000.0,house,Tancredo Neves
2670500597,70.0,2.0,2.0,1.0,45000.0,house,Engomadeira
2673023236,75.0,3.0,2.0,1.0,100000.0,house,Liberdade
2666836388,60.0,2.0,1.0,1.0,50000.0,house,Periperi
2649784288,95.0,2.0,2.0,1.0,75000.0,house,Dom Avelar
2638162062,120.0,3.0,3.0,1.0,369000.0,apartment,Costa Azul
2679930799,54.0,2.0,1.0,1.0,35000.0,house,Fazenda Grande do Retiro
2650499772,65.0,2.0,2.0,1.0,58000.0,house,Uruguai
2670776697,102.0,3.0,1.0,1.0,85000.0,house,Campinas de Pirajá
2650502570,95.0,2.0,2.0,1.0,65000.0,house,Pau Miúdo
2657047154,150.0,2.0,1.0,1.0,80000.0,house,Águas Claras
2673912188,41.0,2.0,1.0,1.0,149000.0,apartment,Jardim das Margaridas
2664742493,23.0,2.0,1.0,1.0,75000.0,house,Periperi
2664643132,100.0,3.0,1.0,,150000.0,house,Fazenda Grande do Retiro
2667709050,70.0,2.0,1.0,1.0,50000.0,house,Pero Vaz
2670501194,70.0,2.0,2.0,1.0,45000.0,house,Engomadeira
2666838699,80.0,3.0,1.0,1.0,90000.0,house,Itapuã
2658386179,115.0,2.0,1.0,1.0,66000.0,house,São Marcos
2669777895,30.0,2.0,1.0,,40000.0,house,Uruguai
2654216661,60.0,2.0,1.0,1.0,40000.0,house,Bairro da Paz
2666862623,125.0,2.0,2.0,1.0,87000.0,house,Iapi
2651660175,80.0,2.0,1.0,1.0,70000.0,house,Sao Caetano
2668533208,60.0,2.0,1.0,,40000.0,house,Ribeira
2666157438,98.0,3.0,2.0,1.0,80000.0,house,Iapi
2674164395,120.0,2.0,2.0,1.0,120000.0,house,Boca do Rio
2667333724,110.0,2.0,2.0,,105000.0,house,Itapuã
2672168227,95.0,2.0,1.0,1.0,110000.0,house,Bonfim
2681786095,89.0,2.0,2.0,2.0,100000.0,house,Resgate
2681793224,50.0,2.0,1.0,,59000.0,apartment,São Cristóvão
2675931518,59.0,2.0,1.0,,45000.0,house,Lobato
2669609926,80.0,2.0,1.0,1.0,45000.0,house,Plataforma
2676386725,78.0,2.0,1.0,1.0,76500.0,house,Arenoso
2672144317,69.0,2.0,1.0,1.0,50000.0,house,Iapi
2669101299,65.0,2.0,1.0,,50000.0,house,Uruguai
2653723861,60.0,2.0,1.0,1.0,50000.0,house,Sao Caetano
2681449809,68.0,3.0,1.0,1.0,160000.0,apartment,Engenheiro Velho De Brotas
2666880537,80.0,2.0,1.0,1.0,100000.0,house,Alto da Terezinha
2664528696,70.0,2.0,1.0,1.0,80000.0,house,Brotas
2655055169,89.0,2.0,1.0,1.0,60000.0,house,Mussurunga I
2679785801,56.0,2.0,1.0,1.0,50000.0,house,Pau da Lima
2549333992,59.0,1.0,1.0,1.0,280000.0,apartment,BA
2653737884,55.0,2.0,1.0,,50000.0,house,Ribeira
2671301422,80.0,2.0,1.0,1.0,90000.0,house,Fazenda Coutos
2672752186,72.0,2.0,2.0,1.0,140000.0,house,Bonfim
2650464178,65.0,2.0,2.0,,85000.0,house,Castelo Branco
2669614817,80.0,2.0,1.0,,50000.0,house,Jardim Nova Esperança
2667945224,70.0,2.0,1.0,,50000.0,house,Ribeira
2663191894,65.0,2.0,1.0,2.0,65000.0,house,Caixa D´Água
2674230850,70.0,2.0,1.0,,50000.0,house,Ribeira
7039,150.0,3.5,3.0,2.5,910000.0,apartment,Cidade Jardim
2681569299,76.0,2.0,2.0,1.0,285000.0,apartment,Barris
2541577100,45.0,1.0,1.0,1.0,399000.0,,Pituba
1041758503,117.0,3.5,4.5,2.0,975000.0,apartment,Pituba
2670984255,97.0,2.0,1.0,1.0,115000.0,house,Liberdade
2657915289,60.0,2.0,1.0,1.0,75000.0,house,Escada
2668200599,70.0,2.0,1.0,1.0,50000.0,house,Pernambués
2655470794,200.0,2.0,1.0,1.0,60000.0,house,Periperi
2649846563,80.0,2.0,2.0,1.0,90000.0,house,Bonfim
2650504669,65.0,2.0,2.0,1.0,60000.0,house,Valéria
2650213368,55.0,2.0,1.0,,110000.0,house,Ribeira
2675595996,49.0,2.0,1.0,1.0,70000.0,house,Sao Caetano
2650508857,70.0,2.0,2.0,1.0,100000.0,house,Caminho de Areia
2663947298,60.0,2.0,1.0,1.0,45000.0,house,Dom Avelar
2670698061,65.0,2.0,2.0,1.0,45000.0,house,Tancredo Neves
2674716375,60.0,3.0,1.0,2.0,80000.0,house,Lobato
2651605569,74.0,2.0,2.0,1.0,95000.0,house,Engenho Velho de Brotas
2669741493,45.0,2.0,1.0,1.0,52000.0,house,Massaranduba
2651486608,50.0,2.0,1.0,1.0,40000.0,house,Plataforma
2662689755,70.0,2.0,1.0,1.0,40000.0,house,Plataforma
2660252025,90.0,2.0,1.0,1.0,80000.0,house,Fazenda Grande I
2582175023,124.0,3.0,3.0,1.0,270000.0,apartment,BA
2681759408,85.0,2.0,1.0,,45000.0,house,Uruguai
2679770495,64.0,2.0,1.0,1.0,45000.0,house,Calabetao
2679787511,67.0,2.0,2.0,1.0,90000.0,house,Monte Serrat
2651589810,65.0,2.0,1.0,,50000.0,house,Calabetao
2666154320,72.0,2.0,1.0,2.0,65000.0,house,Dom Avelar
2669783233,90.0,2.0,1.0,1.0,150000.0,house,Sao Caetano
2651385672,90.0,2.0,1.0,1.0,80000.0,house,Fazenda Grande do Retiro
2674244904,80.0,2.0,2.0,1.0,95000.0,house,Roma
2673378289,60.0,2.0,1.0,,47000.0,house,Ribeira
2674927229,50.0,2.0,1.0,1.0,47000.0,house,Doron
2672720425,69.0,2.0,1.0,1.0,90000.0,house,Mata Escura
2658134604,60.0,2.0,1.0,,50000.0,house,Castelo Branco
2627684266,72.0,2.0,2.0,,120000.0,house,Nova Brasilia De Itapua
2666486105,80.0,2.0,1.0,1.0,45000.0,house,Acupe de Brotas
2658194678,58.0,2.0,1.0,2.0,52000.0,house,Paripe
2664789124,60.0,2.0,1.0,1.0,50000.0,house,Castelo Branco
2655113895,60.0,2.0,1.0,1.0,50000.0,house,Fazenda Grande IV
2669192495,60.0,2.0,1.0,1.0,50000.0,house,Rio Sena
2673103098,65.0,2.0,2.0,1.0,50000.0,house,Dom Avelar
2655714154,86.0,2.0,2.0,,70000.0,house,Cajazeiras X
2653082318,60.0,2.0,1.0,1.0,50000.0,house,Liberdade
2660438107,65.0,2.0,1.0,2.0,50000.0,house,Paripe
2675946712,58.0,2.0,1.0,,40000.0,house,Pirajá
2669382108,75.0,2.0,1.0,1.0,52000.0,house,Paripe
2657933762,80.0,2.0,1.0,1.0,67000.0,house,Barbalho
2657358361,67.0,2.0,1.0,1.0,70000.0,house,Engenho Velho de Brotas
2674238157,49.0,2.0,1.0,,40300.0,house,Ribeira
2658188478,72.0,2.0,1.0,1.0,60000.0,house,Coutos
2666449865,114.0,3.0,3.0,2.0,898990.0,apartment,Patamares
2671144799,75.0,2.0,1.0,1.0,50000.0,house,Cabula VI
2636915756,50.0,2.0,1.0,,40000.0,house,Narandiba
2660468959,70.0,2.0,2.0,1.0,80000.0,house,Castelo Branco
2674148118,162.0,3.0,2.0,1.0,100000.0,house,Boca do Rio
2667631742,330.0,4.0,5.0,3.0,1380000.0,apartment,Itaigara
2674245619,100.0,3.0,2.0,2.0,110000.0,house,Cidade Nova
2681762220,150.0,3.0,1.0,,280000.0,house,Patamares
2655328749,70.0,2.0,1.0,1.0,50000.0,house,Dom Avelar
2670766998,68.0,2.0,2.0,1.0,45000.0,house,Tancredo Neves
2665223095,55.0,2.0,1.0,1.0,50000.0,house,Pernambués
2669608638,80.0,2.0,1.0,,49000.0,house,Pirajá
2671001595,73.0,2.0,2.0,1.0,45000.0,house,Canabrava
2674254387,60.0,2.0,1.0,1.0,53000.0,house,Tancredo Neves
2675326193,70.0,2.0,1.0,1.0,50000.0,house,Liberdade
2673359182,50.0,2.0,1.0,1.0,40000.0,house,Itapuã
2668232827,70.0,2.0,1.0,1.0,80000.0,house,São Gonçalo
2669390472,70.0,2.0,1.0,1.0,90000.0,house,Plataforma
2670051409,65.0,2.0,1.0,,53000.0,house,Ribeira
2672507378,60.0,2.0,1.0,1.0,50000.0,house,Pernambués
2649817416,80.0,2.0,1.0,1.0,50000.0,house,Engenho Velho de Brotas
2672476633,70.0,2.0,1.0,1.0,48000.0,house,Sao Caetano
2650472560,65.0,2.0,2.0,1.0,115000.0,house,Sao Tome
2666458625,76.0,3.0,1.0,1.0,49000.0,house,Doron
2666439638,62.0,2.0,1.0,1.0,47000.0,house,Engomadeira
2649827500,50.0,2.0,1.0,,80000.0,house,Cajazeiras VIII
2669366393,75.0,2.0,1.0,2.0,80000.0,house,Ribeira
2671297499,80.0,2.0,1.0,1.0,90000.0,house,Ribeira
2666439440,52.0,2.0,1.0,1.0,40000.0,house,Capelinha
2655436872,70.0,2.0,1.0,1.0,80000.0,house,Nazaré
2682314047,200.0,3.0,4.0,2.0,300000.0,house,Itapuã
2668490324,73.0,2.0,1.0,1.0,50000.0,house,Doron
2666454156,78.0,2.0,1.0,1.0,52000.0,house,Castelo Branco
2681452009,52.0,2.0,1.0,1.0,168000.0,apartment,Trobogy
2670998512,55.0,2.0,1.0,1.0,50000.0,house,Caixa D´Água
2652528317,80.0,2.0,1.0,1.0,120000.0,house,Monte Serrat
2669368054,70.0,2.0,1.0,,45000.0,house,Ribeira
2667969819,70.0,2.0,1.0,,50000.0,house,Daniel Lisboa
2669381809,75.0,2.0,1.0,1.0,98000.0,house,Paripe
2671149732,52.0,2.0,1.0,1.0,50000.0,house,Sao Caetano
2673985496,60.0,2.0,1.0,,47000.0,house,Uruguai
2670581216,58.0,2.0,1.0,4.0,85000.0,house,Fazenda Grande IV
2682315963,81.0,2.0,2.0,1.0,80000.0,house,Paripe
2682069310,80.0,2.0,2.0,2.0,250000.0,house,Ribeira
2682264499,120.0,3.0,3.0,,130000.0,house,BA
2682082800,75.0,3.0,2.0,2.0,50000.0,house,Escada
2682093900,59.0,2.0,2.0,1.0,365000.0,apartment,Imbuí
2682310360,77.0,3.0,2.0,1.0,50000.0,house,Paripe
2682267824,80.0,3.0,2.0,2.0,50000.0,house,Daniel Lisboa
2682311263,74.0,3.0,2.0,1.0,50000.0,house,Paripe
2682068094,50.0,3.0,2.0,2.0,50000.0,house,Amaralina
2681817644,110.0,3.0,4.0,2.0,1190000.0,apartment,Patamares
2682072293,71.0,3.0,2.0,2.0,560000.0,apartment,Patamares
2682056001,74.0,3.0,3.0,2.0,610000.0,apartment,Imbuí
2682240520,70.0,3.0,2.0,1.0,360000.0,apartment,Armação
2682311310,120.0,4.0,2.0,2.0,110000.0,house,Resgate
2667143903,190.0,3.0,2.0,1.0,70000.0,house,Resgate
2681784058,90.0,3.0,2.0,1.0,80000.0,house,Amaralina
2682315675,86.0,3.0,2.0,2.0,120000.0,house,Resgate
2682114425,100.0,3.0,3.0,2.0,420000.0,apartment,Imbuí
2663310976,110.0,3.0,3.0,2.0,1090000.0,apartment,Patamares
2682305257,70.0,2.0,2.0,1.0,85000.0,house,Engenho Velho de Brotas
2682027700,175.0,3.0,3.0,2.0,290000.0,house,Imbuí
2682259942,74.0,2.0,2.0,1.0,80000.0,house,Pernambués
2682076946,80.0,3.0,2.0,1.0,430000.0,apartment,Pituba
2682070729,70.0,2.0,2.0,2.0,60000.0,house,São Gonçalo
2682297707,130.0,4.0,5.0,2.0,1117000.0,apartment,Horto Florestal
2680937927,70.0,3.0,2.0,2.0,110000.0,house,Mussurunga I
2682303950,80.0,3.0,2.0,2.0,190000.0,apartment,Imbuí
2682275851,78.0,2.0,2.0,2.0,50000.0,apartment,Fazenda Grande do Retiro
2475577990,223.0,3.0,5.0,4.0,1750000.0,apartment,Loteamento Aquarius
2682054818,110.0,3.0,2.0,2.0,1190000.0,apartment,Patamares
2682288404,70.0,2.0,2.0,1.0,70000.0,house,Uruguai
2681720720,90.0,2.0,2.0,,70000.0,house,Castelo Branco
2682095016,80.0,3.0,2.0,2.0,885000.0,apartment,Alphaville I
2680937500,78.0,2.0,2.0,2.0,90000.0,house,Caminho de Areia
2682068811,90.0,2.0,2.0,1.0,50000.0,house,Cosme de Farias
2682315452,80.0,2.0,2.0,1.0,95000.0,house,Boca do Rio
2682302764,43.0,2.0,1.0,1.0,119700.0,apartment,Areia Branca
2682067717,60.0,3.0,2.0,1.0,50000.0,house,Amaralina
2681776920,130.0,3.0,3.0,2.0,1190000.0,apartment,Patamares
2549332809,66.0,2.0,2.0,1.0,440000.0,apartment,BA
2682270710,75.0,2.0,1.0,,90000.0,house,Paripe
2681674732,90.0,3.0,2.0,,75000.0,house,Roma
2682308535,72.0,3.0,2.0,1.0,50000.0,house,Paripe
2682268095,76.0,3.0,2.0,2.0,50000.0,house,Cajazeiras XI
2682267362,74.0,3.0,2.0,2.0,50000.0,house,Fazenda Grande IV
2682271498,90.0,3.0,2.0,2.0,50000.0,house,Fazenda Grande I
2682273799,65.0,2.0,2.0,2.0,50000.0,house,Engomadeira
2682272044,75.0,3.0,2.0,2.0,65000.0,house,Caixa D´Água
2682054619,89.0,3.0,3.0,2.0,700000.0,apartment,Alto do Itaigara
2682266813,66.0,2.0,2.0,2.0,50000.0,house,Caixa D´Água
2682273116,75.0,2.0,1.0,1.0,95000.0,house,Paripe
2682328662,53.0,2.0,1.0,,94000.0,apartment,Plataforma
2681257910,62.0,2.0,2.0,2.0,178000.0,apartment,Pernambués
2682258412,65.0,3.0,1.0,1.0,50000.0,house,Doron
2676718714,78.0,2.0,1.0,2.0,80000.0,house,Federação
2682101497,87.0,3.0,3.0,2.0,550000.0,apartment,Armação
2682089009,84.0,2.0,3.0,2.0,220000.0,house,Piatã
2682137619,80.0,3.0,2.0,2.0,80000.0,house,Boca do Rio
2681812139,130.0,3.0,4.0,2.0,1099990.0,apartment,Patamares
2682261470,65.0,2.0,2.0,,250000.0,apartment,Matatu
2682277329,90.0,2.0,1.0,1.0,85000.0,house,Amaralina
2672565550,100.0,2.0,1.0,2.0,115000.0,house,Itapuã
2682265453,66.0,2.0,2.0,1.0,60000.0,house,Fazenda Grande do Retiro
2682063013,65.0,2.0,1.0,1.0,130000.0,apartment,Cabula
2682315282,65.0,2.0,2.0,1.0,68000.0,house,Lobato
2654670069,128.0,3.0,2.0,1.0,80000.0,house,Alto do Cabrito
2682271494,80.0,2.0,1.0,1.0,85000.0,house,Daniel Lisboa
2682270798,55.0,3.0,2.0,2.0,85000.0,house,Boca do Rio
2682080611,77.0,2.0,2.0,1.0,50000.0,house,Cabula VI
2682285212,90.0,3.0,1.0,,80000.0,house,Cajazeiras V
2682260878,80.0,2.0,2.0,2.0,50000.0,house,Boca da Mata
2661560571,70.0,3.0,2.0,2.0,500000.0,apartment,Horto Bela Vista
2682266297,60.0,2.0,2.0,2.0,50000.0,house,Boca da Mata
2681763393,90.0,2.0,3.0,2.0,200000.0,house,Itapuã
2682310549,55.0,2.0,2.0,1.0,100000.0,house,Barbalho
2682274898,65.0,2.0,2.0,2.0,56000.0,house,Engomadeira
2682311116,83.0,3.0,2.0,1.0,80000.0,house,Paripe
2682512489,160.0,3.0,3.0,1.0,200000.0,house,Stella Maris
2682326537,79.0,3.0,2.0,1.0,60000.0,house,Paripe
2658367865,123.0,3.0,2.0,,97000.0,house,Cassange
2673753685,120.0,3.0,2.0,2.0,120000.0,house,Monte Serrat
2674251831,75.0,2.0,2.0,1.0,110000.0,house,Cajazeiras XI
2682309358,170.0,2.0,3.0,1.0,250000.0,house,BA
2674450410,190.0,4.0,1.0,2.0,95000.0,house,Brotas
2682187419,74.0,2.0,3.0,2.0,735000.0,apartment,Caminho Das Árvores
2517963497,135.0,4.0,5.0,3.0,950000.0,apartment,Patamares
2682298099,55.0,2.0,1.0,2.0,310000.0,apartment,Sao Rafael
2682080100,70.0,3.0,1.0,,100000.0,house,Itapuã
2456697307,118.0,3.0,5.0,2.0,735000.0,apartment,BA
2682293603,120.0,2.0,1.0,2.0,70000.0,house,Barris
2673900887,89.0,3.0,2.0,3.0,90000.0,house,Periperi
2655054291,90.0,3.0,2.0,1.0,93000.0,house,Mussurunga I
2650255856,65.0,2.0,2.0,1.0,105000.0,house,Nazaré
2673910912,87.0,3.0,3.0,1.0,410000.0,apartment,Costa Azul
2663927698,85.0,3.0,3.0,1.0,498000.0,apartment,Candeal
2682074911,60.0,2.0,1.0,1.0,65000.0,house,Saboeiro
2682327737,86.0,3.0,2.0,1.0,60000.0,house,Paripe
2682259832,55.0,2.0,2.0,1.0,60000.0,house,Pernambués
2682278519,70.0,2.0,1.0,1.0,90000.0,house,Acupe de Brotas
2681758399,90.0,2.0,1.0,,90000.0,house,Ribeira
2591875973,50.0,1.0,1.0,50.0,300000.0,apartment,Caminho Das Árvores
2674254539,90.0,3.0,2.0,1.0,120000.0,house,Sao Tome
2674234104,82.0,3.0,2.0,1.0,50000.0,house,Cosme de Farias
2673068520,79.0,2.0,2.0,1.0,50000.0,house,Dom Avelar
2674137378,100.0,3.0,2.0,1.0,100000.0,house,Roma
2681424794,76.0,3.0,3.0,2.0,480000.0,apartment,BA
2675745304,75.0,2.0,2.0,2.0,685000.0,apartment,Caminho Das Árvores
2653323404,67.0,2.0,1.0,,80000.0,house,Cajazeiras V
2673774081,100.0,3.0,2.0,1.0,110000.0,house,Pirajá
2675034003,69.0,3.0,1.0,1.0,98000.0,house,Liberdade
2674254580,100.0,2.0,2.0,1.0,140000.0,house,Pituaçu
2669196941,80.0,2.0,2.0,1.0,125000.0,house,Ribeira
2675674345,90.0,2.0,2.0,,90000.0,house,Caixa D´Água
2673753112,95.0,3.0,2.0,2.0,60000.0,house,Pero Vaz
2672129449,72.0,2.0,2.0,1.0,45000.0,house,Boca do Rio
2673656344,144.0,3.0,1.0,,210000.0,house,Plataforma
2657920455,70.0,2.0,1.0,2.0,45000.0,house,Engenho Velho da Federação
2680447901,70.0,3.0,1.0,1.0,289900.0,apartment,Itapuã
2659597576,81.0,3.0,2.0,1.0,465000.0,apartment,Piatã
2655335257,160.0,4.0,5.0,3.0,1180000.0,apartment,Itaigara
2676721948,80.0,2.0,1.0,2.0,60000.0,house,Águas Claras
2682082724,80.0,3.0,1.0,,94600.0,house,Daniel Lisboa
2650625644,80.0,2.0,1.0,1.0,50000.0,house,Paripe
2682327436,37.0,1.0,1.0,1.0,83000.0,apartment,Nazaré
2679774625,80.0,2.0,1.0,2.0,60000.0,house,Liberdade
2669357111,65.0,2.0,1.0,,40000.0,house,Ribeira
2663177576,79.0,2.0,1.0,2.0,63000.0,house,Lobato
2668331517,70.0,2.0,1.0,,50000.0,house,Uruguai
2669080985,60.0,2.0,1.0,,40000.0,house,Ribeira
2674627912,72.0,2.0,1.0,1.0,110000.0,house,Itapuã
2681775304,200.0,4.0,2.0,2.0,359640.0,house,Mussurunga I
2667927798,68.0,2.0,1.0,1.0,70000.0,house,Fazenda Coutos
2669058943,70.0,2.0,1.0,1.0,80000.0,house,Lobato
2682544055,87.0,2.0,1.0,,180000.0,apartment,Vila Laura
2682552240,150.0,2.0,2.0,,200000.0,house,Castelo Branco
2676722163,80.0,2.0,1.0,2.0,110000.0,house,Barbalho
2676721014,116.0,3.0,1.0,2.0,145000.0,house,Sussuarana
2660531094,59.0,2.0,2.0,2.0,410000.0,apartment,Imbuí
2674900122,94.0,3.0,3.0,2.0,890000.0,apartment,Armação
2671153112,79.0,2.0,2.0,1.0,65000.0,house,São Gonçalo
2646312501,71.0,2.0,3.0,2.0,580000.0,apartment,Armação
2674124898,90.0,3.0,1.0,2.0,75000.0,house,Castelo Branco
2673763905,100.0,3.0,2.0,1.0,100000.0,house,Cajazeiras VI
2663355973,80.0,2.0,2.0,1.0,60000.0,house,Liberdade
2650061506,80.0,2.0,2.0,1.0,80000.0,house,Barris
2649805155,60.0,2.0,2.0,1.0,100000.0,house,Cosme de Farias
2682267526,100.0,3.0,2.0,2.0,130000.0,house,Piatã
2674460076,88.0,3.0,1.0,,135000.0,house,Resgate
2677365699,90.0,2.0,2.0,2.0,90000.0,house,São Marcos
2680925897,49.0,2.0,1.0,,98000.0,house,Ribeira
2654205030,65.0,3.0,1.0,1.0,70000.0,house,Santa Mônica
2682020106,70.0,2.0,1.0,,42000.0,house,Ribeira
2657404762,76.0,3.0,3.0,1.0,430000.0,apartment,Imbuí
2681661011,100.0,2.0,2.0,1.0,90000.0,house,Cajazeiras X
2668232813,90.0,2.0,2.0,1.0,120000.0,house,Bonfim
2673381699,74.0,3.0,2.0,1.0,45000.0,house,Cidade Nova
2675335888,56.0,1.0,1.0,1.0,596000.0,apartment,Paralela
2671378644,75.0,2.0,1.0,3.0,63200.0,house,Paripe
2597364596,151.0,4.0,5.0,3.0,950000.0,apartment,Pituba
2674253175,56.0,2.0,1.0,1.0,50000.0,house,Pau Miúdo
2668190697,70.0,2.0,1.0,,40000.0,house,Ribeira
2655913086,82.0,2.0,3.0,1.0,300000.0,apartment,Candeal
2664158332,60.0,2.0,1.0,2.0,55000.0,house,Bairro da Paz
2572549873,398.0,4.0,6.0,3.0,890000.0,house,Stella Maris
2681733717,74.0,2.0,2.0,2.0,770000.0,apartment,Caminho Das Árvores
2636058014,110.0,2.0,3.0,,290000.0,house,Barbalho
2665880797,70.0,2.0,2.0,1.0,70000.0,house,Bairro da Paz
2655947191,78.0,2.0,1.0,1.0,50000.0,house,Valéria
2666824319,68.0,2.0,1.0,1.0,70000.0,house,Pernambués
2670560445,75.0,2.0,1.0,2.0,55000.0,house,Paripe
2677362495,96.0,2.0,1.0,2.0,130000.0,house,Monte Serrat
2664683164,72.0,2.0,2.0,2.0,55000.0,house,Paripe
2456696800,105.0,4.0,3.0,1.0,520000.0,apartment,BA
2634722986,75.0,3.0,2.0,1.0,480000.0,apartment,Imbuí
2654813487,86.0,2.0,2.0,1.0,120000.0,house,São Marcos
2669761224,52.0,2.0,1.0,1.0,260000.0,apartment,Jardim das Margaridas
2681758499,75.0,2.0,2.0,1.0,150000.0,house,Ribeira
2590705220,200.0,4.0,4.0,2.0,290000.0,apartment,Federação
2673776499,80.0,3.0,2.0,1.0,120000.0,house,Ribeira
2664156903,62.0,2.0,1.0,2.0,60000.0,house,Plataforma
2639143993,87.0,2.0,1.0,1.0,78000.0,house,Engenho Velho de Brotas
2662914528,80.0,2.0,1.0,,80000.0,house,Pernambués
2674107491,75.0,2.0,2.0,,277500.0,apartment,Pituba
2673987379,60.0,2.0,1.0,,50000.0,house,Uruguai
2655545756,70.0,2.0,1.0,1.0,90000.0,house,Matatu
2668041017,68.0,2.0,1.0,1.0,70000.0,house,Sao Tome
2670553785,60.0,2.0,2.0,,50000.0,house,Saboeiro
2663192096,75.0,2.0,1.0,2.0,55000.0,house,Barbalho
2664778396,70.0,2.0,1.0,1.0,90000.0,house,Candeal
2650959191,55.0,2.0,2.0,1.0,345000.0,apartment,Cabula
2645540718,600.0,2.0,1.0,,90000.0,house,Sao Tome
2663353853,80.0,2.0,2.0,1.0,50000.0,house,Sao Caetano
2668532899,120.0,2.0,1.0,1.0,125000.0,house,Matatu
2681397096,90.0,3.0,4.0,,80000.0,house,Ribeira
2665714721,100.0,2.0,2.0,2.0,82000.0,house,Lobato
2674459185,120.0,3.0,2.0,1.0,99900.0,house,Tororó
2673658683,76.0,2.0,2.0,,279900.0,apartment,Pituba
2539366980,52.0,1.0,1.0,1.0,520000.0,apartment,Caminho Das Árvores
2657589080,52.0,2.0,1.0,,115000.0,apartment,Mussurunga I
2633912060,106.0,3.0,3.0,2.0,980000.0,apartment,Caminho Das Árvores
2670556916,75.0,2.0,1.0,2.0,62000.0,house,Paripe
2673045829,70.0,2.0,2.0,2.0,145000.0,house,Boca do Rio
2673076381,85.0,2.0,2.0,1.0,520000.0,apartment,Caminho Das Árvores
2680860010,150.0,3.0,4.0,4.0,699890.0,house,Stella Maris
2664168601,85.0,2.0,1.0,2.0,80000.0,house,Cabula
2650497011,65.0,2.0,2.0,1.0,65000.0,house,Pernambués
2667330306,70.0,2.0,1.0,1.0,100000.0,house,Uruguai
2666880593,70.0,2.0,1.0,1.0,100000.0,house,Fazenda Coutos
2657294996,70.0,2.0,1.0,,80000.0,house,Pernambués
2674241676,80.0,2.0,1.0,,90000.0,house,Caminho de Areia
2651376159,67.0,2.0,1.0,,65000.0,house,Periperi
2655323508,89.0,3.0,2.0,,90000.0,house,Bairro da Paz
2669773330,60.0,2.0,1.0,,40000.0,house,Uruguai
2673099518,75.0,2.0,2.0,1.0,50000.0,house,Dom Avelar
2668331196,80.0,3.0,1.0,1.0,100000.0,house,Ribeira
2676415443,83.0,2.0,1.0,2.0,145000.0,house,Resgate
2669737500,75.0,2.0,1.0,1.0,53000.0,house,Paripe
2681722332,90.0,2.0,2.0,,80000.0,house,Paripe
2655475671,70.0,2.0,1.0,1.0,55000.0,house,Candeal
2668005037,70.0,2.0,1.0,,45000.0,house,Ribeira
2669434209,70.0,2.0,1.0,1.0,80000.0,house,Sao Joao do Cabrito
2667336486,70.0,2.0,1.0,1.0,80000.0,house,Sao Tome
2669080504,60.0,2.0,1.0,,37000.0,house,Boa Viagem
2669364653,68.0,2.0,1.0,1.0,60000.0,house,Liberdade
2681980859,50.0,2.0,1.0,1.0,175000.0,apartment,Canabrava
2646278501,242.0,4.0,5.0,4.0,3990000.0,apartment,Jaguaribe
2569691485,29.0,1.0,1.0,,249000.0,apartment,Pituba
2676730207,75.0,2.0,1.0,2.0,70000.0,house,Brotas
2665312423,100.0,3.0,2.0,1.0,300000.0,house,Ribeira
2667110731,70.0,2.0,1.0,,40000.0,house,Cajazeiras X
2667346002,70.0,2.0,1.0,,50000.0,house,Bonfim
2668325996,70.0,2.0,1.0,1.0,80000.0,house,Pirajá
2666825693,68.0,2.0,1.0,1.0,80000.0,house,Liberdade
2674625775,76.0,2.0,2.0,,550000.0,apartment,Vila Laura
2668233396,70.0,2.0,1.0,,40000.0,house,Liberdade
2655936300,70.0,2.0,1.0,1.0,75000.0,house,Caixa D´Água
2655468158,70.0,2.0,1.0,1.0,75000.0,house,Cosme de Farias
2654000084,70.0,2.0,1.0,1.0,100000.0,house,Monte Serrat
2657048613,160.0,3.0,1.0,1.0,70000.0,house,Capelinha
2669343828,65.0,2.0,1.0,2.0,153000.0,house,Periperi
2662368764,67.0,3.0,2.0,2.0,330000.0,apartment,Imbuí
2643952685,160.0,3.0,2.0,1.0,170000.0,house,Águas Claras
2679949795,67.0,2.0,2.0,1.0,70000.0,house,Ilha Amarela
2668327094,70.0,2.0,1.0,1.0,100000.0,house,Amaralina
2664743221,62.0,2.0,2.0,1.0,55000.0,house,Pernambués
2668696399,106.0,3.0,3.0,2.0,890000.0,apartment,Trobogy
2648539767,223.0,4.0,4.0,,425000.0,house,Nazaré
2674270675,50.0,2.0,1.0,1.0,105000.0,apartment,Cabula VI
2660994318,80.0,2.0,2.0,1.0,70000.0,house,Pau Miúdo
2664058195,62.0,2.0,1.0,2.0,65000.0,house,São Gonçalo
2650931214,80.0,2.0,2.0,1.0,60000.0,house,Alto do Coqueirinho
2677089004,35.0,2.0,1.0,,53000.0,house,Lobato
2649815263,70.0,2.0,1.0,1.0,80000.0,house,Engenho Velho de Brotas
2681988807,53.0,2.0,2.0,2.0,375000.0,apartment,Santa Teresa
2677831809,68.0,2.0,2.0,1.0,78000.0,house,Fazenda Grande do Retiro
2668045016,68.0,2.0,1.0,1.0,60000.0,house,Narandiba
2663177387,68.0,2.0,1.0,2.0,55000.0,house,Castelo Branco
2667653303,69.0,3.0,1.0,2.0,300000.0,apartment,Imbuí
2577704420,70.0,3.0,1.0,,120000.0,house,Liberdade
2650503490,65.0,2.0,2.0,1.0,55000.0,house,Pernambués
2664979593,50.0,2.0,1.0,1.0,50000.0,house,Cajazeiras X
2676344347,80.0,2.0,1.0,3.0,80000.0,house,Fazenda Coutos
2627481708,110.0,3.0,4.0,2.0,1200000.0,apartment,Patamares
2666836994,65.0,2.0,1.0,1.0,69000.0,house,Liberdade
2670729470,75.0,2.0,2.0,1.0,60000.0,house,Tancredo Neves
2664119736,79.0,2.0,1.0,2.0,92000.0,house,Castelo Branco
2657867337,50.0,2.0,2.0,1.0,150000.0,apartment,Candeal
2670777210,65.0,2.0,2.0,1.0,45000.0,house,Cajazeiras XI
2663191892,79.0,2.0,1.0,3.0,86000.0,house,Iapi
2665012898,180.0,3.0,1.0,1.0,200000.0,house,Ribeira
2679935212,56.0,2.0,1.0,1.0,45000.0,house,Ribeira
2670560440,60.0,2.0,2.0,1.0,45000.0,house,Pernambués
2679769596,76.0,2.0,2.0,1.0,55000.0,house,Pau da Lima
2667934496,70.0,2.0,1.0,,45000.0,house,Ribeira
2655117398,54.0,2.0,1.0,,60000.0,house,Boca da Mata
2650200486,150.0,2.0,2.0,1.0,120000.0,house,Fazenda Grande II
2664926601,65.0,2.0,2.0,,80000.0,house,Nova Brasilia De Itapua
2666466396,60.0,2.0,1.0,1.0,70000.0,house,Sao Caetano
2442591375,82.0,2.0,3.0,2.0,590000.0,apartment,Graça
2674628011,68.0,2.0,1.0,1.0,100000.0,house,Liberdade
2606287486,89.0,3.0,3.0,1.0,620000.0,apartment,Pituba
2668238829,70.0,2.0,1.0,,50000.0,house,Ribeira
2663175466,78.0,2.0,1.0,2.0,58000.0,house,Paripe
2650952280,78.0,2.0,2.0,1.0,120000.0,house,Fazenda Coutos
2650509753,65.0,2.0,2.0,1.0,75000.0,house,Valéria
2674695877,92.0,2.0,1.0,1.0,230000.0,house,Itapuã
2657919857,70.0,2.0,1.0,1.0,75000.0,house,Alto da Terezinha
2669365399,75.0,2.0,1.0,2.0,98500.0,house,Paripe
2669570000,80.0,2.0,1.0,1.0,70000.0,house,Rio Sena
2658424059,78.0,2.0,2.0,2.0,68000.0,house,Pernambués
2655556572,70.0,2.0,1.0,1.0,70000.0,house,Iapi
2657924966,70.0,2.0,1.0,,52500.0,house,Paripe
2650311475,70.0,2.0,1.0,1.0,60000.0,house,Pernambués
2669430999,70.0,2.0,1.0,1.0,80000.0,house,Cajazeiras X
2672795535,78.0,3.0,3.0,1.0,660000.0,apartment,Pituaçu
2628068663,202.0,4.0,6.0,2.0,985000.0,apartment,Pituba
2669425814,70.0,2.0,1.0,1.0,80000.0,house,Uruguai
2606655573,110.0,3.0,3.0,2.0,850000.0,apartment,Pituaçu
2669730962,70.0,2.0,1.0,1.0,90000.0,house,Castelo Branco
2651393354,60.0,2.0,1.0,,50000.0,house,Lobato
2674132879,60.0,2.0,2.0,1.0,98000.0,house,Tororó
2680855934,102.0,3.0,3.0,,449120.0,apartment,Barra
2655495121,84.0,2.0,3.0,2.0,800000.0,apartment,Jardim Apipema
2668485697,70.0,2.0,1.0,,80000.0,house,Boca do Rio
2650017653,80.0,2.0,2.0,1.0,60000.0,house,Periperi
2647027166,70.0,2.0,2.0,1.0,420000.0,apartment,Imbuí
2681846195,67.0,2.0,1.0,1.0,380000.0,apartment,Praia do Flamengo
2676722463,67.0,2.0,1.0,2.0,87000.0,house,Engenheiro Velho Da Federação
2671148894,61.0,2.0,2.0,3.0,80000.0,house,Doron
2658604893,62.0,2.0,1.0,,50000.0,house,Praia Grande
2674156135,110.0,3.0,2.0,10.0,95000.0,house,Boca do Rio
2669359101,50.0,2.0,1.0,,50000.0,house,Ribeira
2668490070,75.0,3.0,1.0,1.0,70000.0,house,Fazenda Grande do Retiro
2651021971,70.0,2.0,1.0,1.0,70000.0,house,Sao Caetano
2654217297,70.0,2.0,1.0,1.0,70000.0,house,Cajazeiras XI
2682309339,76.0,3.0,2.0,1.0,45000.0,house,Paripe
2682314075,70.0,2.0,2.0,1.0,50000.0,house,Paripe
2682314781,82.0,2.0,1.0,1.0,120000.0,house,Jaguaribe
2679791249,67.0,2.0,2.0,1.0,57000.0,house,Boa Viagem
2671157255,60.0,2.0,2.0,1.0,65000.0,house,Saboeiro
2681177696,90.0,3.0,2.0,,140000.0,house,Nova Brasilia De Itapua
2682287833,60.0,2.0,1.0,1.0,50000.0,house,Sao Caetano
2679787198,67.0,2.0,1.0,1.0,50000.0,house,Pirajá
2669386695,80.0,2.0,2.0,1.0,80000.0,house,Liberdade
2667998706,70.0,2.0,1.0,,40000.0,house,Ribeira
2677860996,68.0,2.0,2.0,1.0,65000.0,house,Cidade Nova
2677828421,65.0,2.0,2.0,1.0,530000.0,apartment,Paralela
2675778967,81.0,2.0,2.0,2.0,470000.0,apartment,Armação
2656247354,50.0,2.0,1.0,,50000.0,house,Sao Caetano
2669197437,70.0,2.0,1.0,1.0,70000.0,house,Sao Tome
2670535702,87.0,2.0,1.0,1.0,96000.0,house,Paripe
2666837345,68.0,2.0,1.0,1.0,80000.0,house,Boca do Rio
2673759387,105.0,3.0,1.0,1.0,144000.0,house,Itapuã
2617889093,88.0,3.0,3.0,2.0,450000.0,apartment,Banco Dos Ingleses
2678521895,67.0,2.0,2.0,1.0,65000.0,house,Alto da Terezinha
2667107704,76.0,3.0,2.0,1.0,75000.0,house,Ribeira
2669775994,69.0,2.0,2.0,1.0,60000.0,house,Novo Horizonte
2679777790,50.0,2.0,1.0,1.0,40000.0,house,Roma
2649809273,90.0,2.0,1.0,,60000.0,house,Plataforma
2665920996,64.0,2.0,1.0,1.0,50000.0,house,Doron
2682497953,54.0,2.0,2.0,,50000.0,house,Itapuã
2682277299,85.0,2.0,1.0,2.0,90000.0,house,Sao Caetano
2676723600,100.0,3.0,1.0,2.0,145500.0,house,Itapuã
2653840699,85.0,3.0,2.0,1.0,90000.0,house,Tororó
2682543971,90.0,3.0,4.0,2.0,55000.0,house,Dois de Julho
2667337299,110.0,2.0,1.0,1.0,125000.0,house,Boca do Rio
2673904531,67.0,3.0,2.0,1.0,320000.0,apartment,Itapuã
2674481208,90.0,3.0,2.0,3.0,85000.0,house,Cajazeiras VIII
2653386367,82.0,3.0,2.0,1.0,380000.0,apartment,Piatã
2663191661,60000.0,2.0,1.0,1.0,65000.0,house,São Marcos
2674456134,55.0,2.0,1.0,1.0,47000.0,house,Tancredo Neves
2549333988,84.0,2.0,2.0,1.0,295000.0,apartment,BA
2680665420,50.0,2.0,1.0,1.0,135000.0,apartment,Cabula
2681774614,60.0,2.0,1.0,1.0,70000.0,house,Liberdade
2682327749,80.0,2.0,2.0,1.0,60000.0,house,Roma
2674140278,100.0,2.0,2.0,1.0,95000.0,house,Roma
2682064528,90.0,2.0,1.0,2.0,70000.0,house,Mussurunga I
2669717424,60.0,2.0,1.0,,40000.0,house,Liberdade
2668044196,68.0,2.0,1.0,1.0,60000.0,house,Lobato
2668517010,70.0,2.0,1.0,,45000.0,house,Sao Caetano
2678627294,70.0,2.0,2.0,2.0,90000.0,house,Engenheiro Velho Da Federação
2573025962,180.0,4.0,6.0,3.0,1450000.0,apartment,Patamares
2674252544,60.0,3.0,3.0,2.0,120000.0,house,Bonfim
2636914816,90.0,3.0,2.0,1.0,70000.0,house,Fazenda Coutos
2650215358,70.0,2.0,1.0,1.0,50000.0,house,Marechal Rondon
2662919239,150.0,3.0,1.0,1.0,250000.0,house,Jardim das Margaridas
2647289655,57.0,2.0,2.0,1.0,299000.0,apartment,Pernambués
2655316615,89.0,3.0,1.0,1.0,70000.0,house,Cabula
2570288192,180.0,6.0,3.0,1.0,460000.0,house,Barbalho
2673905995,85.0,2.0,2.0,2.0,55000.0,house,Pau Miúdo
2670530152,42.0,2.0,1.0,1.0,52000.0,house,Paripe
2674926111,77.0,3.0,2.0,1.0,45000.0,house,Arenoso
2667340507,55.0,2.0,1.0,2.0,70000.0,house,Massaranduba
2650855754,80.0,2.0,1.0,1.0,50000.0,house,Fazenda Grande II
2668238394,70.0,2.0,2.0,,45000.0,house,Cajazeiras VIII
2649833257,60.0,2.0,1.0,,50000.0,house,Cosme de Farias
2663629982,54.0,2.0,2.0,1.0,380000.0,apartment,Santa Tereza
2675327937,43.0,2.0,1.0,,65000.0,house,Pero Vaz
2670530913,40.0,2.0,1.0,1.0,51000.0,house,Paripe
2654491471,120.0,3.0,1.0,2.0,90000.0,house,Centro
2549201715,113.0,3.0,4.0,2.0,1150000.0,apartment,Patamares
2681937697,94.0,2.0,2.0,,200000.0,house,Santo Antonio
2653762146,48.0,2.0,1.0,1.0,50000.0,house,Santa Mônica
2660395532,60.0,2.0,1.0,1.0,50000.0,house,Plataforma
2674619562,60.0,2.0,2.0,1.0,58000.0,house,Itapuã
2665911048,140.0,3.0,1.0,1.0,60000.0,house,Sao Joao do Cabrito
2666836672,70.0,2.0,1.0,1.0,50000.0,house,Plataforma
2667330605,60.0,2.0,1.0,1.0,50000.0,house,Alto da Terezinha
2673797855,70.0,2.0,1.0,1.0,50000.0,house,Sao Tome
2668334919,70.0,2.0,1.0,,50000.0,house,Parque Bela Vista
2663733414,50.0,2.0,1.0,1.0,35000.0,house,Plataforma
2673773376,75.0,2.0,1.0,1.0,40000.0,house,Canabrava
2650217894,95.0,2.0,2.0,1.0,100000.0,house,Caminho de Areia
2655755742,92.0,3.0,2.0,1.0,60000.0,house,Pernambués
2681790341,60.0,2.0,1.0,1.0,50000.0,house,Candeal
2673640763,45.0,2.0,1.0,,50000.0,house,Nordeste
2668804297,91.0,3.0,3.0,1.0,410000.0,apartment,Costa Azul
2679936211,89.0,2.0,1.0,1.0,83000.0,house,Engenho Velho de Brotas
2675314597,48.0,2.0,1.0,,79000.0,house,Liberdade
2676719612,100.0,3.0,1.0,2.0,120000.0,house,São Cristóvão
2662894455,80.0,2.0,2.0,1.0,50000.0,house,São Marcos
2668221528,70.0,2.0,1.0,1.0,50000.0,house,Cabula VI
2654264059,95.0,2.0,1.0,1.0,150000.0,house,Sao Tome
2666839395,80.0,3.0,1.0,1.0,90000.0,house,Cajazeiras X
2658248255,70.0,2.0,1.0,1.0,50000.0,house,Dom Avelar
2658199662,68.0,2.0,1.0,2.0,54000.0,house,Doron
2658631345,125.0,3.0,2.0,,103000.0,house,Castelo Branco
2682083611,85.0,2.0,2.0,1.0,210000.0,house,Piatã
2682226401,5403.0,,,,25000000.0,,BA
2653728081,70.0,2.0,1.0,1.0,50000.0,house,Marechal Rondon
2655323142,85.0,3.0,2.0,1.0,85000.0,house,Engenho Velho de Brotas
2657874429,70.0,2.0,1.0,1.0,50000.0,house,Sao Caetano
2682107804,90.0,3.0,3.0,2.0,789000.0,apartment,Imbuí
2627493504,60.0,2.0,1.0,1.0,430000.0,apartment,Imbuí
2674604781,58.0,2.0,1.0,1.0,50000.0,house,Federação
2673771589,90.0,2.0,1.0,1.0,40000.0,house,São Marcos
2649784495,80.0,2.0,1.0,1.0,160000.0,house,Pituaçu
2682275093,80.0,2.0,1.0,1.0,100000.0,house,Boa Viagem
2669197429,60.0,2.0,1.0,1.0,50000.0,house,Alto do Cabrito
2669741919,45.0,2.0,1.0,1.0,53000.0,house,Cabula VI
2682318241,98.0,2.0,3.0,2.0,850000.0,apartment,Armação
2680989398,52.0,2.0,1.0,1.0,60000.0,house,Boca da Mata
2669075924,65.0,2.0,1.0,,40000.0,house,Ribeira
2668526495,70.0,2.0,1.0,,40000.0,house,Sao Caetano
2657353189,70.0,2.0,1.0,1.0,50000.0,house,Liberdade
2655560750,80.0,2.0,1.0,1.0,50000.0,house,Castelo Branco
2650932705,80.0,2.0,2.0,1.0,70000.0,house,Pernambués
2655331667,70.0,2.0,1.0,1.0,50000.0,house,Fazenda Grande II
2657911255,150.0,2.0,1.0,1.0,70000.0,house,Alto do Coqueirinho
2650006257,80.0,3.0,2.0,1.0,100000.0,house,Alto da Terezinha
2669608048,70.0,2.0,1.0,,34000.0,house,Massaranduba
2673346990,79.0,2.0,2.0,2.0,45000.0,house,Candeal
2670942497,76.0,2.0,2.0,1.0,50000.0,house,Candeal
2653098756,80.0,3.0,2.0,1.0,85000.0,house,Pernambués
2653986763,55.0,2.0,1.0,,60000.0,house,Paripe
2655458286,80.0,3.0,1.0,1.0,90000.0,house,Candeal
2673336925,253.0,3.0,5.0,,790000.0,house,Jardim Placaford
2675328895,49.0,2.0,1.0,,69000.0,house,Liberdade
2682265454,60.0,2.0,1.0,,50000.0,house,Ribeira
2665239000,120.0,2.0,1.0,4.0,145000.0,house,Caixa D´Água
2649671454,60.0,2.0,1.0,1.0,50000.0,house,Cosme de Farias
2658172668,130.0,2.0,1.0,1.0,79000.0,house,Cajazeiras X
2680658804,62.0,2.0,1.0,1.0,100000.0,house,Plataforma
2668020799,70.0,2.0,1.0,,40000.0,house,Paripe
2663824499,66.0,2.0,2.0,2.0,550000.0,apartment,Pituba
2675670012,48.0,2.0,1.0,,68000.0,house,Narandiba
2666216761,80.0,2.0,1.0,,50000.0,house,Pirajá
2679950416,69.0,2.0,2.0,1.0,70000.0,house,Uruguai
2673773178,100.0,2.0,2.0,1.0,100000.0,house,Cajazeiras XI
2681179721,59.0,2.0,1.0,1.0,50000.0,house,Boca do Rio
2674157099,69.0,2.0,2.0,1.0,45000.0,house,Boca da Mata
2655496836,78.0,3.0,2.0,1.0,70000.0,house,Boa Viagem
2682326634,30.0,1.0,1.0,1.0,90000.0,apartment,Vila Laura
2670470996,63.0,2.0,2.0,1.0,350000.0,apartment,Candeal
2673344225,40.0,2.0,1.0,1.0,51000.0,house,Paripe
2680257994,73.0,2.0,3.0,2.0,795000.0,apartment,Pituba
2667338411,95.0,2.0,1.0,1.0,55000.0,house,Vila Ruy Barbosa
2677262105,72.0,2.0,2.0,1.0,50000.0,house,Alto da Terezinha
2651019088,50.0,2.0,1.0,1.0,55000.0,house,Caixa D´Água
2655693964,53.0,3.0,1.0,1.0,70000.0,house,Ribeira
2675949927,57.0,2.0,1.0,,50000.0,house,Capelinha
2668535112,40.0,2.0,1.0,,50000.0,house,Parque Bela Vista
2682080797,60.0,2.0,1.0,1.0,90000.0,house,Pirajá
2639000397,78.0,2.0,2.0,1.0,75000.0,house,Fazenda Grande do Retiro
2674672574,100.0,3.0,1.0,2.0,250000.0,house,Itapuã
2670528327,30.0,2.0,1.0,,51000.0,house,Campinas de Pirajá
2658242084,90.0,3.0,1.0,1.0,110000.0,house,Jardim das Margaridas
2579333817,68.0,2.0,2.0,1.0,470000.0,apartment,Imbuí
2675343801,112.0,3.0,3.0,1.0,60000.0,house,Fazenda Grande II
2655318979,55.0,2.0,1.0,,50000.0,house,Pau Miúdo
2666164922,95.0,2.0,2.0,1.0,70000.0,house,Pau da Lima
2649804362,75.0,3.0,2.0,1.0,90000.0,house,Caminho de Areia
2663946812,60.0,2.0,1.0,1.0,50000.0,house,Plataforma
2674246000,100.0,2.0,2.0,1.0,80000.0,house,Cajazeiras VI
2680937984,54.0,2.0,1.0,1.0,120000.0,house,Ribeira
2682273618,115.0,3.0,2.0,2.0,140000.0,house,Caminho de Areia
2682852297,148.0,3.0,2.0,1.0,200000.0,house,Stella Maris
2682843211,120.0,3.0,2.0,1.0,150000.0,house,Stella Maris
2682850980,120.0,3.0,2.0,1.0,100000.0,house,Ribeira
2682631376,145.0,3.0,2.0,1.0,125000.0,house,BA
2682324889,86.0,3.0,3.0,2.0,100000.0,house,Roma
2682505981,45.0,2.0,2.0,1.0,40000.0,house,Pau da Lima
2682558656,80.0,3.0,3.0,2.0,100000.0,house,Ribeira
2682788499,68.0,3.0,2.0,2.0,50000.0,house,Arenoso
2682793407,69.0,3.0,2.0,2.0,55000.0,house,Arenoso
2682479807,72.0,2.0,2.0,2.0,450000.0,apartment,Stella Maris
2682846501,70.0,2.0,3.0,2.0,90000.0,house,Mussurunga I
2682801866,69.0,3.0,1.0,5.0,50000.0,house,Alto do Cruzeiro Ilha de Bom Jesus dos Passos
2682806757,120.0,2.0,3.0,1.0,170000.0,house,Nova Brasilia De Itapua
2518494985,2500.0,50.0,12.0,20.0,9000000.0,,Armação
2682571661,75.0,2.0,1.0,2.0,60000.0,house,Monte Serrat
2682552548,180.0,3.0,1.0,2.0,185000.0,house,Itapuã
2682794494,80.0,2.0,2.0,1.0,440000.0,apartment,Pituba
2682561868,74.0,2.0,2.0,1.0,45000.0,house,Candeal
2682762667,72.0,3.0,3.0,2.0,498000.0,apartment,Paralela
2682574536,70.0,2.0,1.0,1.0,50000.0,house,Capelinha
2682788061,70.0,3.0,2.0,2.0,85000.0,house,Federação
2682775153,70.0,2.0,2.0,2.0,50000.0,house,Boca da Mata
2682569251,100.0,2.0,1.0,2.0,80000.0,house,Cabula
2682829373,80.0,2.0,1.0,2.0,140000.0,house,Candeal
2682873080,75.0,3.0,2.0,2.0,380000.0,apartment,Costa Azul
2682281093,145.0,3.0,1.0,1.0,60000.0,house,Narandiba
2682809493,90.0,2.0,2.0,2.0,67000.0,house,Iapi
2682493534,75.0,2.0,1.0,1.0,115000.0,apartment,Sussuarana
2682859696,80.0,3.0,3.0,2.0,520000.0,apartment,Imbuí
2682496433,78.0,2.0,1.0,2.0,50000.0,house,Sete de Abril
2682254509,90.0,2.0,3.0,2.0,699000.0,apartment,Imbuí
2682784964,70.0,3.0,1.0,2.0,150000.0,apartment,Acupe de Brotas
2682329391,79.0,3.0,2.0,1.0,80000.0,house,Dom Avelar
2682509737,48.0,2.0,2.0,1.0,45000.0,house,Vila Canária
2682510235,54.0,2.0,2.0,1.0,45000.0,house,Pernambués
2682514795,48.0,2.0,2.0,1.0,40000.0,house,Cabula
2676408000,65.0,3.0,2.0,1.0,380000.0,apartment,Piatã
2682267671,180.0,2.0,1.0,2.0,90000.0,house,Pituaçu
2682325361,70.0,2.0,1.0,1.0,70000.0,house,Boca do Rio
2682823660,150.0,3.0,4.0,2.0,710000.0,house,Stella Maris
2679448002,54.0,2.0,2.0,1.0,323000.0,apartment,Pernambués
2665230498,68.0,3.0,2.0,1.0,60000.0,house,Roma
2674689382,85.0,3.0,2.0,1.0,60000.0,house,Rio Sena
2682573739,109.0,4.0,2.0,2.0,88000.0,house,Cidade Nova
2682083709,66.0,3.0,2.0,2.0,165000.0,apartment,Barreiras
2668985294,70.0,2.0,1.0,,40000.0,house,Machado
2667942898,70.0,2.0,1.0,,45000.0,house,Ribeira
2674468499,145.0,3.0,1.0,3.0,255000.0,house,Águas Claras
2682559694,57.0,2.0,1.0,1.0,290000.0,apartment,Piatã
2668520703,60.0,2.0,1.0,,40000.0,house,Boa Vista de Sao Caetano
2669369022,70.0,2.0,1.0,,40000.0,house,Ribeira
2666453298,90.0,2.0,1.0,,50000.0,house,Ribeira
2674137739,77.0,3.0,2.0,1.0,60000.0,house,Caminho de Areia
2667973324,70.0,2.0,1.0,,40000.0,house,Ribeira
2666448816,100.0,3.0,1.0,,50000.0,house,Ribeira
2669382713,60.0,2.0,1.0,,40000.0,house,Paripe
2682545443,72.0,2.0,3.0,1.0,415000.0,apartment,Imbuí
2682572451,80.0,3.0,2.0,1.0,210000.0,apartment,Pituaçu
2675325908,80.0,3.0,2.0,1.0,130000.0,house,Ribeira
2666849099,75.0,2.0,1.0,2.0,55000.0,house,Praia Grande
2682424810,96.0,3.0,3.0,2.0,720000.0,apartment,Itaigara
2670527195,90.0,2.0,2.0,1.0,65000.0,house,Iapi
2675182122,64.0,3.0,1.0,1.0,189000.0,apartment,Brotas
2676721009,113.0,3.0,1.0,2.0,130000.0,house,Barris
2671492999,80.0,2.0,1.0,1.0,50000.0,house,Cajazeiras VIII
2657968526,70.0,2.0,1.0,1.0,50000.0,house,Sao Tome
2682276501,95.0,3.0,2.0,,170000.0,house,Itapuã
2667964189,107.0,3.0,1.0,1.0,154000.0,house,Pituaçu
2672475813,159.0,5.0,1.0,2.0,170000.0,house,Boca do Rio
2650350458,60.0,2.0,1.0,1.0,50000.0,house,Plataforma
2651392296,130.0,3.0,1.0,1.0,120000.0,house,Pituaçu
2670027112,70.0,3.0,1.0,1.0,50000.0,house,Castelo Branco
2667471993,83.0,2.0,1.0,2.0,470000.0,apartment,Pituba
2682540348,67.0,2.0,2.0,1.0,380000.0,apartment,Praia do Flamengo
2682322958,75.0,2.0,2.0,1.0,55000.0,house,Paripe
2682067707,90.0,2.0,2.0,2.0,70000.0,house,Roma
2674927023,83.0,3.0,2.0,1.0,45000.0,house,Arenoso
2673773730,75.0,3.0,2.0,1.0,50000.0,house,Cabula VI
2675390699,91.0,3.0,2.0,1.0,310000.0,apartment,Santa Cruz
2641359742,82.0,3.0,3.0,2.0,590000.0,apartment,Vila Laura
2566027483,70.0,2.0,1.0,,50000.0,house,Uruguai
2672080504,150.0,3.0,1.0,1.0,180000.0,house,Paripe
2682319039,70.0,3.0,2.0,1.0,248000.0,apartment,Brotas
2670501108,69.0,2.0,2.0,1.0,40000.0,house,Acupe de Brotas
2630282259,85.0,4.0,3.0,1.0,530000.0,apartment,Stiep
2663190078,60.0,2.0,1.0,1.0,67000.0,house,Cajazeiras V
2655922368,75.0,2.0,2.0,1.0,50000.0,house,Capelinha
2671296710,70.0,2.0,1.0,2.0,80000.0,house,Cajazeiras V
2674453889,120.0,3.0,2.0,1.0,45000.0,house,Uruguai
2664526121,60.0,2.0,1.0,1.0,50000.0,house,Escada
2674661414,79.0,3.0,2.0,1.0,45000.0,house,Santa Mônica
2664988193,80.0,3.0,1.0,1.0,100000.0,house,Boca do Rio
2682499120,100.0,2.0,2.0,1.0,250000.0,house,Boca do Rio
2668594199,80.0,2.0,1.0,1.0,50000.0,house,Fazenda Grande II
2674682932,65.0,2.0,1.0,1.0,45000.0,house,Roma
2682132325,70.0,2.0,2.0,2.0,590000.0,apartment,Armação
2682314961,95.0,3.0,1.0,,85000.0,house,Bairro da Paz
2670041808,60.0,2.0,1.0,,39000.0,house,Sao Caetano
2673652337,80.0,3.0,1.0,1.0,80000.0,house,São Gonçalo
2500775902,74.0,3.0,2.0,2.0,620000.0,apartment,BA
2674633295,90.0,3.0,1.0,1.0,120000.0,house,Caminho de Areia
2675031627,65.0,2.0,1.0,1.0,97000.0,house,Curuzu
2662961554,60.0,2.0,1.0,1.0,50000.0,house,Lobato
2671050501,75.0,2.0,1.0,2.0,78000.0,house,Sao Caetano
2665238148,70.0,2.0,1.0,,50000.0,house,Itapuã
2672848574,86.0,3.0,3.0,2.0,640000.0,apartment,Imbuí
2682336305,94.0,3.0,3.0,2.0,450000.0,house,Stella Maris
2658952388,86.0,3.0,3.0,1.0,380000.0,apartment,Brotas
2664924631,110.0,2.0,1.0,1.0,120000.0,house,Itapuã
2682273463,120.0,2.0,1.0,1.0,115000.0,house,Bonfim
2650935787,80.0,2.0,2.0,1.0,45000.0,house,Pau Miúdo
2668959727,60.0,2.0,1.0,,50000.0,house,Pernambués
2658941832,120.0,3.0,1.0,1.0,120000.0,house,Amaralina
2667990187,70.0,2.0,1.0,,40000.0,house,Ribeira
2669065809,60.0,2.0,1.0,,50000.0,house,Ribeira
2656309370,190.0,2.0,1.0,1.0,70000.0,house,Lobato
2673768530,91.0,2.0,4.0,2.0,140000.0,house,Sussuarana
2669773117,39.0,2.0,1.0,1.0,43200.0,house,Uruguai
2664066912,60.0,2.0,2.0,2.0,60000.0,house,Sussuarana
2655323468,74.0,3.0,2.0,1.0,140000.0,house,Pero Vaz
2567021960,60.0,2.0,1.0,1.0,240000.0,apartment,Roma
2682540081,70.0,3.0,2.0,1.0,420000.0,apartment,Rio Vermelho
2667947023,70.0,2.0,1.0,,35000.0,house,Sao Caetano
2658430565,78.0,2.0,1.0,2.0,75000.0,house,Fazenda Grande do Retiro
2669366915,60.0,2.0,1.0,,45000.0,house,Paripe
2682501467,300.0,2.0,1.0,,150000.0,house,Cabula
2670775400,89.0,3.0,1.0,2.0,65000.0,house,Pernambués
2663105963,144.0,3.0,1.0,1.0,130000.0,house,Amaralina
2655560556,60.0,2.0,1.0,1.0,40000.0,house,Boca da Mata
2667342910,66.0,3.0,1.0,2.0,175000.0,apartment,Pernambués
2681783030,71.0,3.0,2.0,2.0,560000.0,apartment,Patamares
2669369973,60.0,2.0,1.0,,35000.0,house,Ribeira
2667342995,95.0,2.0,1.0,,60000.0,house,Cajazeiras VI
2655464684,60.0,2.0,1.0,1.0,45000.0,house,Castelo Branco
2653845860,88.0,3.0,2.0,1.0,190000.0,house,Castelo Branco
2673997659,60.0,2.0,1.0,,40000.0,house,Ribeira
2670532538,90.0,3.0,1.0,2.0,100000.0,house,Mussurunga I
2669587310,150.0,4.0,2.0,,150000.0,house,Sussuarana
2651450560,48.0,2.0,1.0,,60000.0,house,Liberdade
2650220679,75.0,2.0,2.0,1.0,120000.0,house,Boa Viagem
2671195805,80.0,2.0,1.0,1.0,50000.0,house,Lobato
2681473098,80.0,2.0,1.0,2.0,50000.0,house,Dom Avelar
2674615696,47.0,2.0,1.0,1.0,150000.0,apartment,Nova Brasília
2658128904,125.0,3.0,2.0,1.0,75000.0,house,Alto do Cabrito
2671052302,75.0,2.0,1.0,2.0,75000.0,house,Castelo Branco
2673987249,70.0,2.0,1.0,2.0,85000.0,house,Marechal Rondon
2665896602,100.0,3.0,1.0,2.0,140000.0,house,Boca do Rio
2682127809,70.0,2.0,2.0,2.0,580000.0,apartment,Armação
2673769881,60.0,2.0,2.0,1.0,360000.0,apartment,Doron
2670164703,50.0,1.0,2.0,1.0,390000.0,apartment,Caminho Das Árvores
2683069180,312.0,3.0,2.0,3.0,185000.0,house,Praia do Flamengo
2682322940,74.0,2.0,2.0,1.0,85000.0,house,Monte Serrat
2682914178,92.0,3.0,2.0,1.0,150000.0,house,Pituba
2682574057,70.0,3.0,2.0,2.0,80000.0,house,Monte Serrat
2682552841,79.0,2.0,2.0,1.0,70000.0,house,Boa Vista de Sao Caetano
2681399601,55.0,2.0,2.0,1.0,75000.0,house,Pau Miúdo
2675040395,123.0,3.0,1.0,1.0,90000.0,house,Engenho Velho da Federação
2667331209,55.0,2.0,1.0,,50000.0,house,Sao Caetano
2673643174,60.0,2.0,1.0,,50000.0,house,Uruguai
2682231619,102.0,3.0,3.0,2.0,620000.0,apartment,Cidade Jardim
2671720414,82.0,2.0,2.0,1.0,619000.0,apartment,Horto Florestal
2664252261,70.0,2.0,1.0,1.0,60000.0,house,Plataforma
2672474152,98.0,3.0,2.0,1.0,100000.0,house,Monte Serrat
2669739247,60.0,2.0,1.0,,35000.0,house,Liberdade
2668179296,100.0,2.0,1.0,,50000.0,house,Ribeira
2669732400,80.0,3.0,1.0,1.0,65000.0,house,Cidade Nova
2674462899,110.0,3.0,2.0,2.0,150000.0,house,Itapuã
2682850691,98.0,3.0,2.0,1.0,90000.0,house,Pernambués
2682510935,90.0,2.0,2.0,2.0,100000.0,house,Resgate
2655495861,46.0,2.0,1.0,,44000.0,house,Pernambués
2667933596,70.0,2.0,1.0,,50000.0,house,Ribeira
2681005208,80.0,3.0,1.0,1.0,120000.0,house,Sete de Abril
2682024496,70.0,2.0,1.0,1.0,50000.0,house,Lobato
2636860767,80.0,2.0,1.0,,50000.0,house,Valéria
2668000295,70.0,2.0,1.0,,40000.0,house,Ribeira
2555689370,157.0,4.0,4.0,2.0,750000.0,apartment,Pituba
2668058319,79.0,3.0,2.0,1.0,348000.0,apartment,Costa Azul
2666463101,45.0,2.0,1.0,1.0,43000.0,house,Pernambués
2667333776,95.0,2.0,1.0,,65000.0,house,Ribeira
2667376995,70.0,2.0,1.0,,40000.0,house,São Cristóvão
2671415371,78.0,3.0,1.0,1.0,90000.0,house,Boca da Mata
2649850976,80.0,2.0,2.0,1.0,50000.0,house,Pau da Lima
2674001484,60.0,2.0,1.0,,46000.0,house,Uruguai
2680728307,60.0,2.0,1.0,1.0,82000.0,house,Sao Caetano
2682287273,89.0,2.0,1.0,,60000.0,house,Castelo Branco
2666212195,95.0,2.0,1.0,,70000.0,house,Pernambués
2655689853,180.0,2.0,2.0,1.0,100000.0,house,Boca do Rio
2666155912,98.0,3.0,2.0,1.0,95000.0,house,Garcia
2655286644,70.0,2.0,1.0,1.0,150000.0,house,Boca do Rio
2673606994,95.0,2.0,2.0,2.0,90000.0,house,Boca do Rio
2667682904,90.0,2.0,1.0,,66000.0,house,Cajazeiras VI
2670532452,42.0,2.0,1.0,1.0,52000.0,house,Paripe
2655326261,80.0,3.0,2.0,1.0,80000.0,house,Bairro da Paz
2667979625,60.0,2.0,1.0,,40000.0,house,Daniel Lisboa
2673741692,77.0,3.0,1.0,1.0,140000.0,house,Itapuã
2649826348,98.0,3.0,1.0,1.0,140000.0,house,Amaralina
2669785073,60.0,2.0,1.0,,38000.0,house,Pernambués
2669355213,60.0,2.0,1.0,,39000.0,house,Ribeira
2664678351,42.0,2.0,1.0,1.0,50000.0,house,Fazenda Grande II
2667383835,60.0,2.0,2.0,,50000.0,house,Cabula
2672711140,120.0,2.0,3.0,2.0,399000.0,house,Stella Maris
2672728386,120.0,2.0,1.0,1.0,70000.0,house,Fazenda Grande III
2668514864,70.0,2.0,1.0,,50000.0,house,Luís Anselmo
2667429220,100.0,2.0,1.0,2.0,250000.0,house,Sao Caetano
2667250996,75.0,2.0,1.0,,40000.0,house,Ribeira
2671151505,80.0,3.0,1.0,1.0,60000.0,house,São Gonçalo
2670086498,50.0,3.0,1.0,2.0,75000.0,house,Fazenda Grande I
2675183102,120.0,2.0,2.0,1.0,185000.0,house,Cajazeiras VI
2671935196,70.0,2.0,1.0,1.0,60000.0,house,Lobato
2673381875,60.0,2.0,1.0,,50000.0,house,Pernambués
2681240385,84.0,2.0,1.0,2.0,75000.0,house,Tancredo Neves
2654272178,45.0,3.0,2.0,2.0,80000.0,house,Amaralina
2681763514,43.0,2.0,1.0,,50000.0,house,Doron
